Workbook
Name Actual_Points: OFFSET('Team Data'!$F$2,0,0,COUNTA('Team Data'!$F$2:$F$100032),1)
Name FPTS: OFFSET('Raw Data'!$K$2,0,0,COUNTA('Raw Data'!$A$2:$A$100001),1)
Name Ideal_Points: OFFSET('Team Data'!$E$2,0,0,COUNTA('Team Data'!$E$2:$E$100032),1)
Name Missed_Points: OFFSET('Team Data'!$G$2,0,0,COUNTA('Team Data'!$G$2:$G$100032),1)
Name ND_Starter_Points: OFFSET('Team Data'!$K$2,0,0,COUNTA('Team Data'!$K$2:$K$100032),1)
Name Non_Drafted_Player: OFFSET('Team Data'!$H$2,0,0,COUNTA('Team Data'!$H$2:$H$100032),1)
Name Player: OFFSET('Raw Data'!$G$2,0,0,COUNTA('Raw Data'!$A$2:$A$100001),1)
Name Pos: OFFSET('Raw Data'!$D$2,0,0,COUNTA('Raw Data'!$A$2:$A$100001),1)
Name Raw: OFFSET('Raw Data'!$A$2,0,0,COUNTA('Raw Data'!$A$2:$A$100001),11)
Name SLOT: OFFSET('Raw Data'!$F$2,0,0,COUNTA('Raw Data'!$A$2:$A$100001),1)
Name Team: OFFSET('Raw Data'!$B$2,0,0,COUNTA('Raw Data'!$A$2:$A$100001),1)
Name Team_Total: OFFSET('Team Data'!$A$2,0,0,COUNTA('Team Data'!$A$2:$A$100032),1)
Name Week: OFFSET('Raw Data'!$A$2,0,0,COUNTA('Raw Data'!$A$2:$A$100001),1)
Name Week_Total: OFFSET('Team Data'!$B$2,0,0,COUNTA('Team Data'!$B$2:$B$100032),1)

Sheet Raw Data
A1: Week | B1: Team Name | C1: Team/Pos | D1: Pos | E1: Team | F1: SLOT | G1: Player | H1: OPP | I1: STATUS | J1: Projected | K1: FPTS
A2: 1 | B2: Coach Carlt | C2: INDRB | D2: RB | E2: IND | F2: RB | G2: Jonathan Taylor | H2: Picken Dis Nose | I2: W 128.26-82.8 | J2: 16.27 | K2: 23.6
A3: 1 | B3: Coach Carlt | C3: LVTE | D3: TE | E3: LV | F3: Bench | G3: Brock Bowers | H3: Picken Dis Nose | I3: W 128.26-82.8 | J3: 0 | K3: 0
A4: 1 | B4: Coach Carlt | C4: NORB | D4: RB | E4: NO | F4: RB | G4: Travis Etienne Jr. | H4: Picken Dis Nose | I4: W 128.26-82.8 | J4: 13.5 | K4: 11.3
A5: 1 | B5: Coach Carlt | C5: CHIWR | D5: WR | E5: CHI | F5: WR | G5: Rome Odunze | H5: Picken Dis Nose | I5: W 128.26-82.8 | J5: 10.65 | K5: 6.2
A6: 1 | B6: Coach Carlt | C6: WSHQB | D6: QB | E6: WSH | F6: QB | G6: Jayden Daniels | H6: Picken Dis Nose | I6: W 128.26-82.8 | J6: 16.84 | K6: 17.66
A7: 1 | B7: Coach Carlt | C7: PITWR | D7: WR | E7: PIT | F7: WR | G7: Michael Pittman Jr. | H7: Picken Dis Nose | I7: W 128.26-82.8 | J7: 9.73 | K7: 7.3
A8: 1 | B8: Coach Carlt | C8: TENWR | D8: WR | E8: TEN | F8: FLEX | G8: Wan'Dale Robinson | H8: Picken Dis Nose | I8: W 128.26-82.8 | J8: 8.11 | K8: 6.3
A9: 1 | B9: Coach Carlt | C9: CHIRB | D9: RB | E9: CHI | F9: FLEX | G9: Kyle Monangai | H9: Picken Dis Nose | I9: W 128.26-82.8 | J9: 9.5 | K9: 19.4
A10: 1 | B10: Coach Carlt | C10: BUFWR | D10: WR | E10: BUF | F10: Bench | G10: Khalil Shakir | H10: Picken Dis Nose | I10: W 128.26-82.8 | J10: 7.45 | K10: 7
A11: 1 | B11: Coach Carlt | C11: TENRB | D11: RB | E11: TEN | F11: Bench | G11: Tyjae Spears | H11: Picken Dis Nose | I11: W 128.26-82.8 | J11: 7.93 | K11: 3.4
A12: 1 | B12: Coach Carlt | C12: PITD/ST | D12: D/ST | E12: PIT | F12: D/ST | G12: Steelers D/ST | H12: Picken Dis Nose | I12: W 128.26-82.8 | J12: 7.22 | K12: 19
A13: 1 | B13: Coach Carlt | C13: HOUQB | D13: QB | E13: HOU | F13: Bench | G13: C.J. Stroud | H13: Picken Dis Nose | I13: W 128.26-82.8 | J13: 16.23 | K13: 16.46
... A611: 3 | B611: Lemieuse-bouche sais quoi | C611: PITTE | D611: TE | E611: PIT | F611: TE | G611: Pat Freiermuth | H611: @Pleading the Fifth Down | I611: L 81.06-112.44 | J611: 6.44 | K611: 4.1

Sheet Team Data
A1: Team | B1: Week | C1: SLOT | D1: Pos Rank | E1: Ideal Points | F1: Actual Points | G1: Missed Points | H1: Drafted Player | I1: Starting Player | J1: Ideal Starting Player | K1: Points by Non-Drafted Starters
A2: Coach Carlt | B2: 1 | C2: QB | D2: 1 | E2: 17.66 | F2: 17.66 | G2: 0 | H2: 1 | I2: Jayden Daniels | J2: Jayden Daniels | K2: 0
A3: Coach Carlt | B3: 1 | C3: RB | D3: 1 | E3: 23.6 | F3: 23.6 | G3: 0 | H3: 1 | I3: Jonathan Taylor | J3: Jonathan Taylor | K3: 0
A4: Coach Carlt | B4: 1 | C4: RB | D4: 2 | E4: 19.4 | F4: 11.3 | G4: 8.1 | H4: 1 | I4: Travis Etienne Jr. | J4: Kyle Monangai | K4: 0
A5: Coach Carlt | B5: 1 | C5: WR | D5: 1 | E5: 7.3 | F5: 7.3 | G5: 0 | H5: 1 | I5: Michael Pittman Jr. | J5: Michael Pittman Jr. | K5: 0
A6: Coach Carlt | B6: 1 | C6: WR | D6: 2 | E6: 7 | F6: 6.2 | G6: 0.8 | H6: 1 | I6: Rome Odunze | J6: Khalil Shakir | K6: 0
A7: Coach Carlt | B7: 1 | C7: TE | D7: 1 | E7: 5.5 | F7: 5.5 | G7: 0 | H7: 1 | I7: Dalton Schultz | J7: Dalton Schultz | K7: 0
A8: Coach Carlt | B8: 1 | C8: FLEX | D8: 1 | E8: 11.3 | F8: 19.4 | G8: -8.1 | H8: 1 | I8: Kyle Monangai | J8: Travis Etienne Jr. | K8: 0
A9: Coach Carlt | B9: 1 | C9: FLEX | D9: 2 | E9: 6.3 | F9: 6.3 | G9: 0 | H9: 1 | I9: Wan'Dale Robinson | J9: Wan'Dale Robinson | K9: 0
A10: Coach Carlt | B10: 1 | C10: D/ST | D10: 1 | E10: 19 | F10: 19 | G10: 0 | H10: 1 | I10: Steelers D/ST | J10: Steelers D/ST | K10: 0
A11: Coach Carlt | B11: 1 | C11: K | D11: 1 | E11: 12 | F11: 12 | G11: 0 | H11: 1 | I11: Cairo Santos | J11: Cairo Santos | K11: 0
A12: Coach Carlt | B12: 2 | C12: QB | D12: 1 | E12: 17.02 | F12: 14.74 | G12: 2.28 | H12: 1 | I12: Jayden Daniels | J12: C.J. Stroud | K12: 0
A13: Coach Carlt | B13: 2 | C13: RB | D13: 1 | E13: 27.2 | F13: 27.2 | G13: 0 | H13: 1 | I13: Jonathan Taylor | J13: Jonathan Taylor | K13: 0
... A421: Jungle Drummer | B421: 3 | C421: K | D421: 1 | E421: 12 | F421: 12 | G421: 0 | H421: 0 | I421: Chase McLaughlin | J421: Chase McLaughlin | K421: 12

Sheet Team Summaries
A1: Team | B1: Week | C1: Ideal Points | D1: Actual Points | E1: Missed Points | F1: Non-Drafted Player | G1: Points by Non-Drafted Starters | J1: Averages by Team
A2: Coach Carlt | B2: 1 | C2: {=SUMIFS([0]!Ideal_Points,[0]!Team_Total,'Team Summaries'!A2,[0]!Week_Total,'Team Summaries'!B2)} -> 129.06 | D2: {=SUMIFS([0]!Actual_Points,[0]!Team_Total,'Team Summaries'!A2,[0]!Week_Total,'Team Summaries'!B2)} -> 128.26 | E2: {=SUMIFS([0]!Missed_Points,[0]!Team_Total,'Team Summaries'!A2,[0]!Week_Total,'Team Summaries'!B2)} -> 0.8 | F2: {=10-SUMIFS([0]!Non_Drafted_Player,[0]!Team_Total,'Team Summaries'!A2,[0]!Week_Total,'Team Summaries'!B2)} -> 0 | G2: {=SUMIFS([0]!ND_Starter_Points,[0]!Team_Total,'Team Summaries'!A2,[0]!Week_Total,'Team Summaries'!B2)} -> 0 | I2: Rank | J2: Team | K2: Possible Points | L2: Actual Points | M2: Points Missed | N2: Coaching Efficiency | O2: Undrafted Players | P2: Undrafted Points | Q2: Projection | R2: Projection_Starters | S2: Actual | T2: Byes | U2: Paced | V2: Dif | W2: INJ | X2: Weighted INJ | Y2: MoV | Z2: MoD | AA2: Opp Prop | AB2: Luck Rating | AC2: Manager Rating
A3: Picken Dis Nose | B3: 1 | C3: {=SUMIFS([0]!Ideal_Points,[0]!Team_Total,'Team Summaries'!A3,[0]!Week_Total,'Team Summaries'!B3)} -> 95.3 | D3: {=SUMIFS([0]!Actual_Points,[0]!Team_Total,'Team Summaries'!A3,[0]!Week_Total,'Team Summaries'!B3)} -> 82.8 | E3: {=SUMIFS([0]!Missed_Points,[0]!Team_Total,'Team Summaries'!A3,[0]!Week_Total,'Team Summaries'!B3)} -> 12.5 | F3: {=10-SUMIFS([0]!Non_Drafted_Player,[0]!Team_Total,'Team Summaries'!A3,[0]!Week_Total,'Team Summaries'!B3)} -> 2 | G3: {=SUMIFS([0]!ND_Starter_Points,[0]!Team_Total,'Team Summaries'!A3,[0]!Week_Total,'Team Summaries'!B3)} -> 20.2 | I3: 1 | J3: Coach Carlt | K3: =AVERAGEIF($A$2:$A$1000,J3,$C$2:$C$1000) -> 110.15333 | L3: =AVERAGEIF($A$2:$A$1000,Table1[[#This Row],[Team]],$D$2:$D$1000) -> 107.82667 | M3: =AVERAGEIF($A$2:$A$1000,Table1[[#This Row],[Team]],$E$2:$E$1000) -> 2.3266667 | N3: =Table1[[#This Row],[Actual Points]]/Table1[[#This Row],[Possible Points]] -> 0.97887793 | O3: =AVERAGEIF($A$2:$A$1000,Table1[[#This Row],[Team]],$F$2:$F$1000) -> 0 | P3: =AVERAGEIF($A$2:$A$1000,Table1[[#This Row],[Team]],$G$2:$G$1000) -> 0 | Q3: =_xlfn.XLOOKUP(Table1[[#This Row],[Team]],'Draft Recap'!$S$2:$S$15,'Draft Recap'!T$2:T$15) -> 2480 | R3: 1866 | S3: =_xlfn.XLOOKUP(Table1[[#This Row],[Team]],'Draft Recap'!$S$2:$S$15,'Draft Recap'!U$2:U$15) -> 376.86 | T3: =_xlfn.XLOOKUP(Table1[[#This Row],[Team]],'Draft Recap'!$S$2:$S$15,'Draft Recap'!V$2:V$15) -> 0 | U3: =_xlfn.XLOOKUP(Table1[[#This Row],[Team]],'Draft Recap'!$S$2:$S$15,'Draft Recap'!W$2:W$15) -> 2135.54 | V3: =_xlfn.XLOOKUP(Table1[[#This Row],[Team]],'Draft Recap'!$S$2:$S$15,'Draft Recap'!X$2:X$15) -> -344.46 | W3: =_xlfn.XLOOKUP(Table1[[#This Row],[Team]],'Draft Recap'!$S$2:$S$15,'Draft Recap'!Y$2:Y$15) -> 3 | X3: =_xlfn.XLOOKUP(Table1[[#This Row],[Team]],'Draft Recap'!$S$2:$S$15,'Draft Recap'!Z$2:Z$15) -> 9 | Y3: =_xlfn.XLOOKUP(Table1[[#This Row],[Team]],'Draft Recap'!$S$2:$S$15,'Draft Recap'!AA$2:AA$15) -> 25.153333 | Z3: =_xlfn.XLOOKUP(Table1[[#This Row],[Team]],'Draft Recap'!$S$2:$S$15,'Draft Recap'!AB$2:AB$15) -> 0 | AA3: =_xlfn.XLOOKUP(Table1[[#This Row],[Team]],'Draft Recap'!$S$2:$S$15,'Draft Recap'!AC$2:AC$15) -> 0.91511936 | AB3: =AVERAGE((Table1[[#This Row],[Dif]]-AVERAGE(Table1[Dif]))/STDEV(Table1[Dif]),-(Table1[[#This Row],[Weighted INJ]]-AVERAGE(Table1[Weighted INJ]))/STDEV(Table1[Weighted INJ]),-(Table1[[#This Row],[MoV]]-AVERAGE(Table1[MoV]))/STDEV(Table1[MoV]),(Table1[[#This Row],[MoD]]-AVERAGE(Table1[MoD]))/STDEV(Table1[MoD]),-(Table1[[#This Row],[Opp Prop]]-AVERAGE(Table1[Opp Prop]))/STDEV(Table1[Opp Prop])) -> -0.48406726 | AC3: =AVERAGE((Table1[[#This Row],[Coaching Efficiency]]-AVERAGE(Table1[Coaching Efficiency]))/STDEV(Table1[Coaching Efficiency]),(Table1[[#This Row],[Undrafted Points]]-AVERAGE(Table1[Undrafted Points]))/STDEV(Table1[Undrafted Points]),(Table1[[#This Row],[Projection_Starters]]-AVERAGE(Table1[Projection_Starters]))/STDEV(Table1[Projection_Starters])) -> 0.27953576
A4: The Strib Club | B4: 1 | C4: {=SUMIFS([0]!Ideal_Points,[0]!Team_Total,'Team Summaries'!A4,[0]!Week_Total,'Team Summaries'!B4)} -> 101.96 | D4: {=SUMIFS([0]!Actual_Points,[0]!Team_Total,'Team Summaries'!A4,[0]!Week_Total,'Team Summaries'!B4)} -> 88.46 | E4: {=SUMIFS([0]!Missed_Points,[0]!Team_Total,'Team Summaries'!A4,[0]!Week_Total,'Team Summaries'!B4)} -> 13.5 | F4: {=10-SUMIFS([0]!Non_Drafted_Player,[0]!Team_Total,'Team Summaries'!A4,[0]!Week_Total,'Team Summaries'!B4)} -> 0 | G4: {=SUMIFS([0]!ND_Starter_Points,[0]!Team_Total,'Team Summaries'!A4,[0]!Week_Total,'Team Summaries'!B4)} -> 0 | I4: =I3+1 -> 2 | J4: Picken Dis Nose | K4: =AVERAGEIF($A$2:$A$1000,J4,$C$2:$C$1000) -> 113.05333 | L4: =AVERAGEIF($A$2:$A$1000,Table1[[#This Row],[Team]],$D$2:$D$1000) -> 98.053333 | M4: =AVERAGEIF($A$2:$A$1000,Table1[[#This Row],[Team]],$E$2:$E$1000) -> 15 | N4: =Table1[[#This Row],[Actual Points]]/Table1[[#This Row],[Possible Points]] -> 0.86731926 | O4: =AVERAGEIF($A$2:$A$1000,Table1[[#This Row],[Team]],$F$2:$F$1000) -> 2.3333333 | P4: =AVERAGEIF($A$2:$A$1000,Table1[[#This Row],[Team]],$G$2:$G$1000) -> 12.666667 | Q4: =_xlfn.XLOOKUP(Table1[[#This Row],[Team]],'Draft Recap'!$S$2:$S$15,'Draft Recap'!T$2:T$15) -> 2339 | R4: 1839 | S4: =_xlfn.XLOOKUP(Table1[[#This Row],[Team]],'Draft Recap'!$S$2:$S$15,'Draft Recap'!U$2:U$15) -> 314.36 | T4: =_xlfn.XLOOKUP(Table1[[#This Row],[Team]],'Draft Recap'!$S$2:$S$15,'Draft Recap'!V$2:V$15) -> 0 | U4: =_xlfn.XLOOKUP(Table1[[#This Row],[Team]],'Draft Recap'!$S$2:$S$15,'Draft Recap'!W$2:W$15) -> 1781.3733 | V4: =_xlfn.XLOOKUP(Table1[[#This Row],[Team]],'Draft Recap'!$S$2:$S$15,'Draft Recap'!X$2:X$15) -> -557.62667 | W4: =_xlfn.XLOOKUP(Table1[[#This Row],[Team]],'Draft Recap'!$S$2:$S$15,'Draft Recap'!Y$2:Y$15) -> 5 | X4: =_xlfn.XLOOKUP(Table1[[#This Row],[Team]],'Draft Recap'!$S$2:$S$15,'Draft Recap'!Z$2:Z$15) -> 7.75 | Y4: =_xlfn.XLOOKUP(Table1[[#This Row],[Team]],'Draft Recap'!$S$2:$S$15,'Draft Recap'!AA$2:AA$15) -> 28.58 | Z4: =_xlfn.XLOOKUP(Table1[[#This Row],[Team]],'Draft Recap'!$S$2:$S$15,'Draft Recap'!AB$2:AB$15) -> 36.11 | AA4: =_xlfn.XLOOKUP(Table1[[#This Row],[Team]],'Draft Recap'!$S$2:$S$15,'Draft Recap'!AC$2:AC$15) -> 1 | AB4: =AVERAGE((Table1[[#This Row],[Dif]]-AVERAGE(Table1[Dif]))/STDEV(Table1[Dif]),-(Table1[[#This Row],[Weighted INJ]]-AVERAGE(Table1[Weighted INJ]))/STDEV(Table1[Weighted INJ]),-(Table1[[#This Row],[MoV]]-AVERAGE(Table1[MoV]))/STDEV(Table1[MoV]),(Table1[[#This Row],[MoD]]-AVERAGE(Table1[MoD]))/STDEV(Table1[MoD]),-(Table1[[#This Row],[Opp Prop]]-AVERAGE(Table1[Opp Prop]))/STDEV(Table1[Opp Prop])) -> -0.32022784 | AC4: =AVERAGE((Table1[[#This Row],[Coaching Efficiency]]-AVERAGE(Table1[Coaching Efficiency]))/STDEV(Table1[Coaching Efficiency]),(Table1[[#This Row],[Undrafted Points]]-AVERAGE(Table1[Undrafted Points]))/STDEV(Table1[Undrafted Points]),(Table1[[#This Row],[Projection_Starters]]-AVERAGE(Table1[Projection_Starters]))/STDEV(Table1[Projection_Starters])) -> 0.0045102441
A5: Shough and pray | B5: 1 | C5: {=SUMIFS([0]!Ideal_Points,[0]!Team_Total,'Team Summaries'!A5,[0]!Week_Total,'Team Summaries'!B5)} -> 164.2 | D5: {=SUMIFS([0]!Actual_Points,[0]!Team_Total,'Team Summaries'!A5,[0]!Week_Total,'Team Summaries'!B5)} -> 151.6 | E5: {=SUMIFS([0]!Missed_Points,[0]!Team_Total,'Team Summaries'!A5,[0]!Week_Total,'Team Summaries'!B5)} -> 12.6 | F5: {=10-SUMIFS([0]!Non_Drafted_Player,[0]!Team_Total,'Team Summaries'!A5,[0]!Week_Total,'Team Summaries'!B5)} -> 0 | G5: {=SUMIFS([0]!ND_Starter_Points,[0]!Team_Total,'Team Summaries'!A5,[0]!Week_Total,'Team Summaries'!B5)} -> 0 | I5: =I4+1 -> 3 | J5: The Strib Club | K5: =AVERAGEIF($A$2:$A$1000,J5,$C$2:$C$1000) -> 108.74667 | L5: =AVERAGEIF($A$2:$A$1000,Table1[[#This Row],[Team]],$D$2:$D$1000) -> 93.113333 | M5: =AVERAGEIF($A$2:$A$1000,Table1[[#This Row],[Team]],$E$2:$E$1000) -> 15.633333 | N5: =Table1[[#This Row],[Actual Points]]/Table1[[#This Row],[Possible Points]] -> 0.8562408 | O5: =AVERAGEIF($A$2:$A$1000,Table1[[#This Row],[Team]],$F$2:$F$1000) -> 1 | P5: =AVERAGEIF($A$2:$A$1000,Table1[[#This Row],[Team]],$G$2:$G$1000) -> 5.4333333 | Q5: =_xlfn.XLOOKUP(Table1[[#This Row],[Team]],'Draft Recap'!$S$2:$S$15,'Draft Recap'!T$2:T$15) -> 2163 | R5: 1807 | S5: =_xlfn.XLOOKUP(Table1[[#This Row],[Team]],'Draft Recap'!$S$2:$S$15,'Draft Recap'!U$2:U$15) -> 334.04 | T5: =_xlfn.XLOOKUP(Table1[[#This Row],[Team]],'Draft Recap'!$S$2:$S$15,'Draft Recap'!V$2:V$15) -> 0 | U5: =_xlfn.XLOOKUP(Table1[[#This Row],[Team]],'Draft Recap'!$S$2:$S$15,'Draft Recap'!W$2:W$15) -> 1786.2933 | V5: =_xlfn.XLOOKUP(Table1[[#This Row],[Team]],'Draft Recap'!$S$2:$S$15,'Draft Recap'!X$2:X$15) -> -376.70667 | W5: =_xlfn.XLOOKUP(Table1[[#This Row],[Team]],'Draft Recap'!$S$2:$S$15,'Draft Recap'!Y$2:Y$15) -> 4 | X5: =_xlfn.XLOOKUP(Table1[[#This Row],[Team]],'Draft Recap'!$S$2:$S$15,'Draft Recap'!Z$2:Z$15) -> 7 | Y5: =_xlfn.XLOOKUP(Table1[[#This Row],[Team]],'Draft Recap'!$S$2:$S$15,'Draft Recap'!AA$2:AA$15) -> 54.66 | Z5: =_xlfn.XLOOKUP(Table1[[#This Row],[Team]],'Draft Recap'!$S$2:$S$15,'Draft Recap'!AB$2:AB$15) -> 53.39 | AA5: =_xlfn.XLOOKUP(Table1[[#This Row],[Team]],'Draft Recap'!$S$2:$S$15,'Draft Recap'!AC$2:AC$15) -> 1.1144144 | AB5: =AVERAGE((Table1[[#This Row],[Dif]]-AVERAGE(Table1[Dif]))/STDEV(Table1[Dif]),-(Table1[[#This Row],[Weighted INJ]]-AVERAGE(Table1[Weighted INJ]))/STDEV(Table1[Weighted INJ]),-(Table1[[#This Row],[MoV]]-AVERAGE(Table1[MoV]))/STDEV(Table1[MoV]),(Table1[[#This Row],[MoD]]-AVERAGE(Table1[MoD]))/STDEV(Table1[MoD]),-(Table1[[#This Row],[Opp Prop]]-AVERAGE(Table1[Opp Prop]))/STDEV(Table1[Opp Prop])) -> -0.45155115 | AC5: =AVERAGE((Table1[[#This Row],[Coaching Efficiency]]-AVERAGE(Table1[Coaching Efficiency]))/STDEV(Table1[Coaching Efficiency]),(Table1[[#This Row],[Undrafted Points]]-AVERAGE(Table1[Undrafted Points]))/STDEV(Table1[Undrafted Points]),(Table1[[#This Row],[Projection_Starters]]-AVERAGE(Table1[Projection_Starters]))/STDEV(Table1[Projection_Starters])) -> -0.78267519
A6: Pleading the Fifth Down | B6: 1 | C6: {=SUMIFS([0]!Ideal_Points,[0]!Team_Total,'Team Summaries'!A6,[0]!Week_Total,'Team Summaries'!B6)} -> 145.84 | D6: {=SUMIFS([0]!Actual_Points,[0]!Team_Total,'Team Summaries'!A6,[0]!Week_Total,'Team Summaries'!B6)} -> 136.64 | E6: {=SUMIFS([0]!Missed_Points,[0]!Team_Total,'Team Summaries'!A6,[0]!Week_Total,'Team Summaries'!B6)} -> 9.2 | F6: {=10-SUMIFS([0]!Non_Drafted_Player,[0]!Team_Total,'Team Summaries'!A6,[0]!Week_Total,'Team Summaries'!B6)} -> 0 | G6: {=SUMIFS([0]!ND_Starter_Points,[0]!Team_Total,'Team Summaries'!A6,[0]!Week_Total,'Team Summaries'!B6)} -> 0 | I6: =I5+1 -> 4 | J6: Shough and pray | K6: =AVERAGEIF($A$2:$A$1000,J6,$C$2:$C$1000) -> 143.89333 | L6: =AVERAGEIF($A$2:$A$1000,Table1[[#This Row],[Team]],$D$2:$D$1000) -> 139.06 | M6: =AVERAGEIF($A$2:$A$1000,Table1[[#This Row],[Team]],$E$2:$E$1000) -> 4.8333333 | N6: =Table1[[#This Row],[Actual Points]]/Table1[[#This Row],[Possible Points]] -> 0.9664103 | O6: =AVERAGEIF($A$2:$A$1000,Table1[[#This Row],[Team]],$F$2:$F$1000) -> 1.3333333 | P6: =AVERAGEIF($A$2:$A$1000,Table1[[#This Row],[Team]],$G$2:$G$1000) -> 14.533333 | Q6: =_xlfn.XLOOKUP(Table1[[#This Row],[Team]],'Draft Recap'!$S$2:$S$15,'Draft Recap'!T$2:T$15) -> 2227 | R6: 1885 | S6: =_xlfn.XLOOKUP(Table1[[#This Row],[Team]],'Draft Recap'!$S$2:$S$15,'Draft Recap'!U$2:U$15) -> 447.88 | T6: =_xlfn.XLOOKUP(Table1[[#This Row],[Team]],'Draft Recap'!$S$2:$S$15,'Draft Recap'!V$2:V$15) -> 0 | U6: =_xlfn.XLOOKUP(Table1[[#This Row],[Team]],'Draft Recap'!$S$2:$S$15,'Draft Recap'!W$2:W$15) -> 2537.9867 | V6: =_xlfn.XLOOKUP(Table1[[#This Row],[Team]],'Draft Recap'!$S$2:$S$15,'Draft Recap'!X$2:X$15) -> 310.98667 | W6: =_xlfn.XLOOKUP(Table1[[#This Row],[Team]],'Draft Recap'!$S$2:$S$15,'Draft Recap'!Y$2:Y$15) -> 2 | X6: =_xlfn.XLOOKUP(Table1[[#This Row],[Team]],'Draft Recap'!$S$2:$S$15,'Draft Recap'!Z$2:Z$15) -> 4.25 | Y6: =_xlfn.XLOOKUP(Table1[[#This Row],[Team]],'Draft Recap'!$S$2:$S$15,'Draft Recap'!AA$2:AA$15) -> 36.08 | Z6: =_xlfn.XLOOKUP(Table1[[#This Row],[Team]],'Draft Recap'!$S$2:$S$15,'Draft Recap'!AB$2:AB$15) -> 0 | AA6: =_xlfn.XLOOKUP(Table1[[#This Row],[Team]],'Draft Recap'!$S$2:$S$15,'Draft Recap'!AC$2:AC$15) -> 1 | AB6: =AVERAGE((Table1[[#This Row],[Dif]]-AVERAGE(Table1[Dif]))/STDEV(Table1[Dif]),-(Table1[[#This Row],[Weighted INJ]]-AVERAGE(Table1[Weighted INJ]))/STDEV(Table1[Weighted INJ]),-(Table1[[#This Row],[MoV]]-AVERAGE(Table1[MoV]))/STDEV(Table1[MoV]),(Table1[[#This Row],[MoD]]-AVERAGE(Table1[MoD]))/STDEV(Table1[MoD]),-(Table1[[#This Row],[Opp Prop]]-AVERAGE(Table1[Opp Prop]))/STDEV(Table1[Opp Prop])) -> -0.00050644372 | AC6: =AVERAGE((Table1[[#This Row],[Coaching Efficiency]]-AVERAGE(Table1[Coaching Efficiency]))/STDEV(Table1[Coaching Efficiency]),(Table1[[#This Row],[Undrafted Points]]-AVERAGE(Table1[Undrafted Points]))/STDEV(Table1[Undrafted Points]),(Table1[[#This Row],[Projection_Starters]]-AVERAGE(Table1[Projection_Starters]))/STDEV(Table1[Projection_Starters])) -> 1.2190052
A7: Please Let Me Win IDK what 2 do | B7: 1 | C7: {=SUMIFS([0]!Ideal_Points,[0]!Team_Total,'Team Summaries'!A7,[0]!Week_Total,'Team Summaries'!B7)} -> 144.5 | D7: {=SUMIFS([0]!Actual_Points,[0]!Team_Total,'Team Summaries'!A7,[0]!Week_Total,'Team Summaries'!B7)} -> 144.5 | E7: {=SUMIFS([0]!Missed_Points,[0]!Team_Total,'Team Summaries'!A7,[0]!Week_Total,'Team Summaries'!B7)} -> 0 | F7: {=10-SUMIFS([0]!Non_Drafted_Player,[0]!Team_Total,'Team Summaries'!A7,[0]!Week_Total,'Team Summaries'!B7)} -> 0 | G7: {=SUMIFS([0]!ND_Starter_Points,[0]!Team_Total,'Team Summaries'!A7,[0]!Week_Total,'Team Summaries'!B7)} -> 0 | I7: =I6+1 -> 5 | J7: Pleading the Fifth Down | K7: =AVERAGEIF($A$2:$A$1000,J7,$C$2:$C$1000) -> 135.36667 | L7: =AVERAGEIF($A$2:$A$1000,Table1[[#This Row],[Team]],$D$2:$D$1000) -> 119.86667 | M7: =AVERAGEIF($A$2:$A$1000,Table1[[#This Row],[Team]],$E$2:$E$1000) -> 15.5 | N7: =Table1[[#This Row],[Actual Points]]/Table1[[#This Row],[Possible Points]] -> 0.88549618 | O7: =AVERAGEIF($A$2:$A$1000,Table1[[#This Row],[Team]],$F$2:$F$1000) -> 0.33333333 | P7: =AVERAGEIF($A$2:$A$1000,Table1[[#This Row],[Team]],$G$2:$G$1000) -> 4.5466667 | Q7: =_xlfn.XLOOKUP(Table1[[#This Row],[Team]],'Draft Recap'!$S$2:$S$15,'Draft Recap'!T$2:T$15) -> 2558 | R7: 1904 | S7: =_xlfn.XLOOKUP(Table1[[#This Row],[Team]],'Draft Recap'!$S$2:$S$15,'Draft Recap'!U$2:U$15) -> 455.04 | T7: =_xlfn.XLOOKUP(Table1[[#This Row],[Team]],'Draft Recap'!$S$2:$S$15,'Draft Recap'!V$2:V$15) -> 0 | U7: =_xlfn.XLOOKUP(Table1[[#This Row],[Team]],'Draft Recap'!$S$2:$S$15,'Draft Recap'!W$2:W$15) -> 2578.56 | V7: =_xlfn.XLOOKUP(Table1[[#This Row],[Team]],'Draft Recap'!$S$2:$S$15,'Draft Recap'!X$2:X$15) -> 20.56 | W7: =_xlfn.XLOOKUP(Table1[[#This Row],[Team]],'Draft Recap'!$S$2:$S$15,'Draft Recap'!Y$2:Y$15) -> 0 | X7: =_xlfn.XLOOKUP(Table1[[#This Row],[Team]],'Draft Recap'!$S$2:$S$15,'Draft Recap'!Z$2:Z$15) -> 0 | Y7: =_xlfn.XLOOKUP(Table1[[#This Row],[Team]],'Draft Recap'!$S$2:$S$15,'Draft Recap'!AA$2:AA$15) -> 16.92 | Z7: =_xlfn.XLOOKUP(Table1[[#This Row],[Team]],'Draft Recap'!$S$2:$S$15,'Draft Recap'!AB$2:AB$15) -> 7.86 | AA7: =_xlfn.XLOOKUP(Table1[[#This Row],[Team]],'Draft Recap'!$S$2:$S$15,'Draft Recap'!AC$2:AC$15) -> 1 | AB7: =AVERAGE((Table1[[#This Row],[Dif]]-AVERAGE(Table1[Dif]))/STDEV(Table1[Dif]),-(Table1[[#This Row],[Weighted INJ]]-AVERAGE(Table1[Weighted INJ]))/STDEV(Table1[Weighted INJ]),-(Table1[[#This Row],[MoV]]-AVERAGE(Table1[MoV]))/STDEV(Table1[MoV]),(Table1[[#This Row],[MoD]]-AVERAGE(Table1[MoD]))/STDEV(Table1[MoD]),-(Table1[[#This Row],[Opp Prop]]-AVERAGE(Table1[Opp Prop]))/STDEV(Table1[Opp Prop])) -> 0.34517239 | AC7: =AVERAGE((Table1[[#This Row],[Coaching Efficiency]]-AVERAGE(Table1[Coaching Efficiency]))/STDEV(Table1[Coaching Efficiency]),(Table1[[#This Row],[Undrafted Points]]-AVERAGE(Table1[Undrafted Points]))/STDEV(Table1[Undrafted Points]),(Table1[[#This Row],[Projection_Starters]]-AVERAGE(Table1[Projection_Starters]))/STDEV(Table1[Projection_Starters])) -> 0.22068711
A8: I'm At My Limit | B8: 1 | C8: {=SUMIFS([0]!Ideal_Points,[0]!Team_Total,'Team Summaries'!A8,[0]!Week_Total,'Team Summaries'!B8)} -> 111 | D8: {=SUMIFS([0]!Actual_Points,[0]!Team_Total,'Team Summaries'!A8,[0]!Week_Total,'Team Summaries'!B8)} -> 111 | E8: {=SUMIFS([0]!Missed_Points,[0]!Team_Total,'Team Summaries'!A8,[0]!Week_Total,'Team Summaries'!B8)} -> 0 | F8: {=10-SUMIFS([0]!Non_Drafted_Player,[0]!Team_Total,'Team Summaries'!A8,[0]!Week_Total,'Team Summaries'!B8)} -> 1 | G8: {=SUMIFS([0]!ND_Starter_Points,[0]!Team_Total,'Team Summaries'!A8,[0]!Week_Total,'Team Summaries'!B8)} -> 7 | I8: =I7+1 -> 6 | J8: Please Let Me Win IDK what 2 do | K8: =AVERAGEIF($A$2:$A$1000,J8,$C$2:$C$1000) -> 140.96 | L8: =AVERAGEIF($A$2:$A$1000,Table1[[#This Row],[Team]],$D$2:$D$1000) -> 136.39333 | M8: =AVERAGEIF($A$2:$A$1000,Table1[[#This Row],[Team]],$E$2:$E$1000) -> 4.5666667 | N8: =Table1[[#This Row],[Actual Points]]/Table1[[#This Row],[Possible Points]] -> 0.9676031 | O8: =AVERAGEIF($A$2:$A$1000,Table1[[#This Row],[Team]],$F$2:$F$1000) -> 0.33333333 | P8: =AVERAGEIF($A$2:$A$1000,Table1[[#This Row],[Team]],$G$2:$G$1000) -> 7.4066667 | Q8: =_xlfn.XLOOKUP(Table1[[#This Row],[Team]],'Draft Recap'!$S$2:$S$15,'Draft Recap'!T$2:T$15) -> 2178 | R8: 1881 | S8: =_xlfn.XLOOKUP(Table1[[#This Row],[Team]],'Draft Recap'!$S$2:$S$15,'Draft Recap'!U$2:U$15) -> 414.46 | T8: =_xlfn.XLOOKUP(Table1[[#This Row],[Team]],'Draft Recap'!$S$2:$S$15,'Draft Recap'!V$2:V$15) -> 0 | U8: =_xlfn.XLOOKUP(Table1[[#This Row],[Team]],'Draft Recap'!$S$2:$S$15,'Draft Recap'!W$2:W$15) -> 2348.6067 | V8: =_xlfn.XLOOKUP(Table1[[#This Row],[Team]],'Draft Recap'!$S$2:$S$15,'Draft Recap'!X$2:X$15) -> 170.60667 | W8: =_xlfn.XLOOKUP(Table1[[#This Row],[Team]],'Draft Recap'!$S$2:$S$15,'Draft Recap'!Y$2:Y$15) -> 1 | X8: =_xlfn.XLOOKUP(Table1[[#This Row],[Team]],'Draft Recap'!$S$2:$S$15,'Draft Recap'!Z$2:Z$15) -> 2 | Y8: =_xlfn.XLOOKUP(Table1[[#This Row],[Team]],'Draft Recap'!$S$2:$S$15,'Draft Recap'!AA$2:AA$15) -> 22.36 | Z8: =_xlfn.XLOOKUP(Table1[[#This Row],[Team]],'Draft Recap'!$S$2:$S$15,'Draft Recap'!AB$2:AB$15) -> 22.08 | AA8: =_xlfn.XLOOKUP(Table1[[#This Row],[Team]],'Draft Recap'!$S$2:$S$15,'Draft Recap'!AC$2:AC$15) -> 1.0616324 | AB8: =AVERAGE((Table1[[#This Row],[Dif]]-AVERAGE(Table1[Dif]))/STDEV(Table1[Dif]),-(Table1[[#This Row],[Weighted INJ]]-AVERAGE(Table1[Weighted INJ]))/STDEV(Table1[Weighted INJ]),-(Table1[[#This Row],[MoV]]-AVERAGE(Table1[MoV]))/STDEV(Table1[MoV]),(Table1[[#This Row],[MoD]]-AVERAGE(Table1[MoD]))/STDEV(Table1[MoD]),-(Table1[[#This Row],[Opp Prop]]-AVERAGE(Table1[Opp Prop]))/STDEV(Table1[Opp Prop])) -> 0.34958323 | AC8: =AVERAGE((Table1[[#This Row],[Coaching Efficiency]]-AVERAGE(Table1[Coaching Efficiency]))/STDEV(Table1[Coaching Efficiency]),(Table1[[#This Row],[Undrafted Points]]-AVERAGE(Table1[Undrafted Points]))/STDEV(Table1[Undrafted Points]),(Table1[[#This Row],[Projection_Starters]]-AVERAGE(Table1[Projection_Starters]))/STDEV(Table1[Projection_Starters])) -> 0.77002374
A9: Puka bit my finger | B9: 1 | C9: {=SUMIFS([0]!Ideal_Points,[0]!Team_Total,'Team Summaries'!A9,[0]!Week_Total,'Team Summaries'!B9)} -> 115.04 | D9: {=SUMIFS([0]!Actual_Points,[0]!Team_Total,'Team Summaries'!A9,[0]!Week_Total,'Team Summaries'!B9)} -> 80.56 | E9: {=SUMIFS([0]!Missed_Points,[0]!Team_Total,'Team Summaries'!A9,[0]!Week_Total,'Team Summaries'!B9)} -> 34.48 | F9: {=10-SUMIFS([0]!Non_Drafted_Player,[0]!Team_Total,'Team Summaries'!A9,[0]!Week_Total,'Team Summaries'!B9)} -> 0 | G9: {=SUMIFS([0]!ND_Starter_Points,[0]!Team_Total,'Team Summaries'!A9,[0]!Week_Total,'Team Summaries'!B9)} -> 0 | I9: =I8+1 -> 7 | J9: I'm At My Limit | K9: =AVERAGEIF($A$2:$A$1000,J9,$C$2:$C$1000) -> 124.28 | L9: =AVERAGEIF($A$2:$A$1000,Table1[[#This Row],[Team]],$D$2:$D$1000) -> 110.16 | M9: =AVERAGEIF($A$2:$A$1000,Table1[[#This Row],[Team]],$E$2:$E$1000) -> 14.12 | N9: =Table1[[#This Row],[Actual Points]]/Table1[[#This Row],[Possible Points]] -> 0.88638558 | O9: =AVERAGEIF($A$2:$A$1000,Table1[[#This Row],[Team]],$F$2:$F$1000) -> 1.3333333 | P9: =AVERAGEIF($A$2:$A$1000,Table1[[#This Row],[Team]],$G$2:$G$1000) -> 13.333333 | Q9: =_xlfn.XLOOKUP(Table1[[#This Row],[Team]],'Draft Recap'!$S$2:$S$15,'Draft Recap'!T$2:T$15) -> 2425 | R9: 1874 | S9: =_xlfn.XLOOKUP(Table1[[#This Row],[Team]],'Draft Recap'!$S$2:$S$15,'Draft Recap'!U$2:U$15) -> 398.46 | T9: =_xlfn.XLOOKUP(Table1[[#This Row],[Team]],'Draft Recap'!$S$2:$S$15,'Draft Recap'!V$2:V$15) -> 0 | U9: =_xlfn.XLOOKUP(Table1[[#This Row],[Team]],'Draft Recap'!$S$2:$S$15,'Draft Recap'!W$2:W$15) -> 2257.94 | V9: =_xlfn.XLOOKUP(Table1[[#This Row],[Team]],'Draft Recap'!$S$2:$S$15,'Draft Recap'!X$2:X$15) -> -167.06 | W9: =_xlfn.XLOOKUP(Table1[[#This Row],[Team]],'Draft Recap'!$S$2:$S$15,'Draft Recap'!Y$2:Y$15) -> 2 | X9: =_xlfn.XLOOKUP(Table1[[#This Row],[Team]],'Draft Recap'!$S$2:$S$15,'Draft Recap'!Z$2:Z$15) -> 1.25 | Y9: =_xlfn.XLOOKUP(Table1[[#This Row],[Team]],'Draft Recap'!$S$2:$S$15,'Draft Recap'!AA$2:AA$15) -> 37.04 | Z9: =_xlfn.XLOOKUP(Table1[[#This Row],[Team]],'Draft Recap'!$S$2:$S$15,'Draft Recap'!AB$2:AB$15) -> 35.5 | AA9: =_xlfn.XLOOKUP(Table1[[#This Row],[Team]],'Draft Recap'!$S$2:$S$15,'Draft Recap'!AC$2:AC$15) -> 1 | AB9: =AVERAGE((Table1[[#This Row],[Dif]]-AVERAGE(Table1[Dif]))/STDEV(Table1[Dif]),-(Table1[[#This Row],[Weighted INJ]]-AVERAGE(Table1[Weighted INJ]))/STDEV(Table1[Weighted INJ]),-(Table1[[#This Row],[MoV]]-AVERAGE(Table1[MoV]))/STDEV(Table1[MoV]),(Table1[[#This Row],[MoD]]-AVERAGE(Table1[MoD]))/STDEV(Table1[MoD]),-(Table1[[#This Row],[Opp Prop]]-AVERAGE(Table1[Opp Prop]))/STDEV(Table1[Opp Prop])) -> 0.23853729 | AC9: =AVERAGE((Table1[[#This Row],[Coaching Efficiency]]-AVERAGE(Table1[Coaching Efficiency]))/STDEV(Table1[Coaching Efficiency]),(Table1[[#This Row],[Undrafted Points]]-AVERAGE(Table1[Undrafted Points]))/STDEV(Table1[Undrafted Points]),(Table1[[#This Row],[Projection_Starters]]-AVERAGE(Table1[Projection_Starters]))/STDEV(Table1[Projection_Starters])) -> 0.48525626
A10: Lemieuse-bouche sais quoi | B10: 1 | C10: {=SUMIFS([0]!Ideal_Points,[0]!Team_Total,'Team Summaries'!A10,[0]!Week_Total,'Team Summaries'!B10)} -> 128.52 | D10: {=SUMIFS([0]!Actual_Points,[0]!Team_Total,'Team Summaries'!A10,[0]!Week_Total,'Team Summaries'!B10)} -> 122.52 | E10: {=SUMIFS([0]!Missed_Points,[0]!Team_Total,'Team Summaries'!A10,[0]!Week_Total,'Team Summaries'!B10)} -> 6 | F10: {=10-SUMIFS([0]!Non_Drafted_Player,[0]!Team_Total,'Team Summaries'!A10,[0]!Week_Total,'Team Summaries'!B10)} -> 0 | G10: {=SUMIFS([0]!ND_Starter_Points,[0]!Team_Total,'Team Summaries'!A10,[0]!Week_Total,'Team Summaries'!B10)} -> 0 | I10: =I9+1 -> 8 | J10: Puka bit my finger | K10: =AVERAGEIF($A$2:$A$1000,J10,$C$2:$C$1000) -> 115.66667 | L10: =AVERAGEIF($A$2:$A$1000,Table1[[#This Row],[Team]],$D$2:$D$1000) -> 96.473333 | M10: =AVERAGEIF($A$2:$A$1000,Table1[[#This Row],[Team]],$E$2:$E$1000) -> 19.193333 | N10: =Table1[[#This Row],[Actual Points]]/Table1[[#This Row],[Possible Points]] -> 0.8340634 | O10: =AVERAGEIF($A$2:$A$1000,Table1[[#This Row],[Team]],$F$2:$F$1000) -> 0 | P10: =AVERAGEIF($A$2:$A$1000,Table1[[#This Row],[Team]],$G$2:$G$1000) -> 0 | Q10: =_xlfn.XLOOKUP(Table1[[#This Row],[Team]],'Draft Recap'!$S$2:$S$15,'Draft Recap'!T$2:T$15) -> 2523 | R10: 1875 | S10: =_xlfn.XLOOKUP(Table1[[#This Row],[Team]],'Draft Recap'!$S$2:$S$15,'Draft Recap'!U$2:U$15) -> 419.8 | T10: =_xlfn.XLOOKUP(Table1[[#This Row],[Team]],'Draft Recap'!$S$2:$S$15,'Draft Recap'!V$2:V$15) -> 0 | U10: =_xlfn.XLOOKUP(Table1[[#This Row],[Team]],'Draft Recap'!$S$2:$S$15,'Draft Recap'!W$2:W$15) -> 2378.8667 | V10: =_xlfn.XLOOKUP(Table1[[#This Row],[Team]],'Draft Recap'!$S$2:$S$15,'Draft Recap'!X$2:X$15) -> -144.13333 | W10: =_xlfn.XLOOKUP(Table1[[#This Row],[Team]],'Draft Recap'!$S$2:$S$15,'Draft Recap'!Y$2:Y$15) -> 2 | X10: =_xlfn.XLOOKUP(Table1[[#This Row],[Team]],'Draft Recap'!$S$2:$S$15,'Draft Recap'!Z$2:Z$15) -> 7 | Y10: =_xlfn.XLOOKUP(Table1[[#This Row],[Team]],'Draft Recap'!$S$2:$S$15,'Draft Recap'!AA$2:AA$15) -> 34.44 | Z10: =_xlfn.XLOOKUP(Table1[[#This Row],[Team]],'Draft Recap'!$S$2:$S$15,'Draft Recap'!AB$2:AB$15) -> 26.45 | AA10: =_xlfn.XLOOKUP(Table1[[#This Row],[Team]],'Draft Recap'!$S$2:$S$15,'Draft Recap'!AC$2:AC$15) -> 1 | AB10: =AVERAGE((Table1[[#This Row],[Dif]]-AVERAGE(Table1[Dif]))/STDEV(Table1[Dif]),-(Table1[[#This Row],[Weighted INJ]]-AVERAGE(Table1[Weighted INJ]))/STDEV(Table1[Weighted INJ]),-(Table1[[#This Row],[MoV]]-AVERAGE(Table1[MoV]))/STDEV(Table1[MoV]),(Table1[[#This Row],[MoD]]-AVERAGE(Table1[MoD]))/STDEV(Table1[MoD]),-(Table1[[#This Row],[Opp Prop]]-AVERAGE(Table1[Opp Prop]))/STDEV(Table1[Opp Prop])) -> -0.15023748 | AC10: =AVERAGE((Table1[[#This Row],[Coaching Efficiency]]-AVERAGE(Table1[Coaching Efficiency]))/STDEV(Table1[Coaching Efficiency]),(Table1[[#This Row],[Undrafted Points]]-AVERAGE(Table1[Undrafted Points]))/STDEV(Table1[Undrafted Points]),(Table1[[#This Row],[Projection_Starters]]-AVERAGE(Table1[Projection_Starters]))/STDEV(Table1[Projection_Starters])) -> -0.66659724
A11: the medical tent apparently | B11: 1 | C11: {=SUMIFS([0]!Ideal_Points,[0]!Team_Total,'Team Summaries'!A11,[0]!Week_Total,'Team Summaries'!B11)} -> 92.76 | D11: {=SUMIFS([0]!Actual_Points,[0]!Team_Total,'Team Summaries'!A11,[0]!Week_Total,'Team Summaries'!B11)} -> 87.26 | E11: {=SUMIFS([0]!Missed_Points,[0]!Team_Total,'Team Summaries'!A11,[0]!Week_Total,'Team Summaries'!B11)} -> 5.5 | F11: {=10-SUMIFS([0]!Non_Drafted_Player,[0]!Team_Total,'Team Summaries'!A11,[0]!Week_Total,'Team Summaries'!B11)} -> 0 | G11: {=SUMIFS([0]!ND_Starter_Points,[0]!Team_Total,'Team Summaries'!A11,[0]!Week_Total,'Team Summaries'!B11)} -> 0 | I11: =I10+1 -> 9 | J11: Lemieuse-bouche sais quoi | K11: =AVERAGEIF($A$2:$A$1000,J11,$C$2:$C$1000) -> 111.16667 | L11: =AVERAGEIF($A$2:$A$1000,Table1[[#This Row],[Team]],$D$2:$D$1000) -> 106.83333 | M11: =AVERAGEIF($A$2:$A$1000,Table1[[#This Row],[Team]],$E$2:$E$1000) -> 4.3333333 | N11: =Table1[[#This Row],[Actual Points]]/Table1[[#This Row],[Possible Points]] -> 0.96101949 | O11: =AVERAGEIF($A$2:$A$1000,Table1[[#This Row],[Team]],$F$2:$F$1000) -> 0.66666667 | P11: =AVERAGEIF($A$2:$A$1000,Table1[[#This Row],[Team]],$G$2:$G$1000) -> 3.7 | Q11: =_xlfn.XLOOKUP(Table1[[#This Row],[Team]],'Draft Recap'!$S$2:$S$15,'Draft Recap'!T$2:T$15) -> 2298 | R11: 1859 | S11: =_xlfn.XLOOKUP(Table1[[#This Row],[Team]],'Draft Recap'!$S$2:$S$15,'Draft Recap'!U$2:U$15) -> 352.8 | T11: =_xlfn.XLOOKUP(Table1[[#This Row],[Team]],'Draft Recap'!$S$2:$S$15,'Draft Recap'!V$2:V$15) -> 0 | U11: =_xlfn.XLOOKUP(Table1[[#This Row],[Team]],'Draft Recap'!$S$2:$S$15,'Draft Recap'!W$2:W$15) -> 1999.2 | V11: =_xlfn.XLOOKUP(Table1[[#This Row],[Team]],'Draft Recap'!$S$2:$S$15,'Draft Recap'!X$2:X$15) -> -298.8 | W11: =_xlfn.XLOOKUP(Table1[[#This Row],[Team]],'Draft Recap'!$S$2:$S$15,'Draft Recap'!Y$2:Y$15) -> 1 | X11: =_xlfn.XLOOKUP(Table1[[#This Row],[Team]],'Draft Recap'!$S$2:$S$15,'Draft Recap'!Z$2:Z$15) -> 2 | Y11: =_xlfn.XLOOKUP(Table1[[#This Row],[Team]],'Draft Recap'!$S$2:$S$15,'Draft Recap'!AA$2:AA$15) -> 29.78 | Z11: =_xlfn.XLOOKUP(Table1[[#This Row],[Team]],'Draft Recap'!$S$2:$S$15,'Draft Recap'!AB$2:AB$15) -> 31.38 | AA11: =_xlfn.XLOOKUP(Table1[[#This Row],[Team]],'Draft Recap'!$S$2:$S$15,'Draft Recap'!AC$2:AC$15) -> 0.94539545 | AB11: =AVERAGE((Table1[[#This Row],[Dif]]-AVERAGE(Table1[Dif]))/STDEV(Table1[Dif]),-(Table1[[#This Row],[Weighted INJ]]-AVERAGE(Table1[Weighted INJ]))/STDEV(Table1[Weighted INJ]),-(Table1[[#This Row],[MoV]]-AVERAGE(Table1[MoV]))/STDEV(Table1[MoV]),(Table1[[#This Row],[MoD]]-AVERAGE(Table1[MoD]))/STDEV(Table1[MoD]),-(Table1[[#This Row],[Opp Prop]]-AVERAGE(Table1[Opp Prop]))/STDEV(Table1[Opp Prop])) -> 0.23349576 | AC11: =AVERAGE((Table1[[#This Row],[Coaching Efficiency]]-AVERAGE(Table1[Coaching Efficiency]))/STDEV(Table1[Coaching Efficiency]),(Table1[[#This Row],[Undrafted Points]]-AVERAGE(Table1[Undrafted Points]))/STDEV(Table1[Undrafted Points]),(Table1[[#This Row],[Projection_Starters]]-AVERAGE(Table1[Projection_Starters]))/STDEV(Table1[Projection_Starters])) -> 0.3111977
A12: your friendly fantasy despot | B12: 1 | C12: {=SUMIFS([0]!Ideal_Points,[0]!Team_Total,'Team Summaries'!A12,[0]!Week_Total,'Team Summaries'!B12)} -> 151.06 | D12: {=SUMIFS([0]!Actual_Points,[0]!Team_Total,'Team Summaries'!A12,[0]!Week_Total,'Team Summaries'!B12)} -> 137.48 | E12: {=SUMIFS([0]!Missed_Points,[0]!Team_Total,'Team Summaries'!A12,[0]!Week_Total,'Team Summaries'!B12)} -> 13.58 | F12: {=10-SUMIFS([0]!Non_Drafted_Player,[0]!Team_Total,'Team Summaries'!A12,[0]!Week_Total,'Team Summaries'!B12)} -> 0 | G12: {=SUMIFS([0]!ND_Starter_Points,[0]!Team_Total,'Team Summaries'!A12,[0]!Week_Total,'Team Summaries'!B12)} -> 0 | I12: =I11+1 -> 10 | J12: the medical tent apparently | K12: =AVERAGEIF($A$2:$A$1000,J12,$C$2:$C$1000) -> 102.68667 | L12: =AVERAGEIF($A$2:$A$1000,Table1[[#This Row],[Team]],$D$2:$D$1000) -> 91.466667 | M12: =AVERAGEIF($A$2:$A$1000,Table1[[#This Row],[Team]],$E$2:$E$1000) -> 11.22 | N12: =Table1[[#This Row],[Actual Points]]/Table1[[#This Row],[Possible Points]] -> 0.89073557 | O12: =AVERAGEIF($A$2:$A$1000,Table1[[#This Row],[Team]],$F$2:$F$1000) -> 0 | P12: =AVERAGEIF($A$2:$A$1000,Table1[[#This Row],[Team]],$G$2:$G$1000) -> 0 | Q12: =_xlfn.XLOOKUP(Table1[[#This Row],[Team]],'Draft Recap'!$S$2:$S$15,'Draft Recap'!T$2:T$15) -> 2433 | R12: 1830 | S12: =_xlfn.XLOOKUP(Table1[[#This Row],[Team]],'Draft Recap'!$S$2:$S$15,'Draft Recap'!U$2:U$15) -> 364.4 | T12: =_xlfn.XLOOKUP(Table1[[#This Row],[Team]],'Draft Recap'!$S$2:$S$15,'Draft Recap'!V$2:V$15) -> 0 | U12: =_xlfn.XLOOKUP(Table1[[#This Row],[Team]],'Draft Recap'!$S$2:$S$15,'Draft Recap'!W$2:W$15) -> 2064.9333 | V12: =_xlfn.XLOOKUP(Table1[[#This Row],[Team]],'Draft Recap'!$S$2:$S$15,'Draft Recap'!X$2:X$15) -> -368.06667 | W12: =_xlfn.XLOOKUP(Table1[[#This Row],[Team]],'Draft Recap'!$S$2:$S$15,'Draft Recap'!Y$2:Y$15) -> 0 | X12: =_xlfn.XLOOKUP(Table1[[#This Row],[Team]],'Draft Recap'!$S$2:$S$15,'Draft Recap'!Z$2:Z$15) -> 0 | Y12: =_xlfn.XLOOKUP(Table1[[#This Row],[Team]],'Draft Recap'!$S$2:$S$15,'Draft Recap'!AA$2:AA$15) -> 0 | Z12: =_xlfn.XLOOKUP(Table1[[#This Row],[Team]],'Draft Recap'!$S$2:$S$15,'Draft Recap'!AB$2:AB$15) -> 32.76 | AA12: =_xlfn.XLOOKUP(Table1[[#This Row],[Team]],'Draft Recap'!$S$2:$S$15,'Draft Recap'!AC$2:AC$15) -> 1.3359859 | AB12: =AVERAGE((Table1[[#This Row],[Dif]]-AVERAGE(Table1[Dif]))/STDEV(Table1[Dif]),-(Table1[[#This Row],[Weighted INJ]]-AVERAGE(Table1[Weighted INJ]))/STDEV(Table1[Weighted INJ]),-(Table1[[#This Row],[MoV]]-AVERAGE(Table1[MoV]))/STDEV(Table1[MoV]),(Table1[[#This Row],[MoD]]-AVERAGE(Table1[MoD]))/STDEV(Table1[MoD]),-(Table1[[#This Row],[Opp Prop]]-AVERAGE(Table1[Opp Prop]))/STDEV(Table1[Opp Prop])) -> -0.075371635 | AC12: =AVERAGE((Table1[[#This Row],[Coaching Efficiency]]-AVERAGE(Table1[Coaching Efficiency]))/STDEV(Table1[Coaching Efficiency]),(Table1[[#This Row],[Undrafted Points]]-AVERAGE(Table1[Undrafted Points]))/STDEV(Table1[Undrafted Points]),(Table1[[#This Row],[Projection_Starters]]-AVERAGE(Table1[Projection_Starters]))/STDEV(Table1[Projection_Starters])) -> -0.65931716
A13: pretty good team | B13: 1 | C13: {=SUMIFS([0]!Ideal_Points,[0]!Team_Total,'Team Summaries'!A13,[0]!Week_Total,'Team Summaries'!B13)} -> 128.9 | D13: {=SUMIFS([0]!Actual_Points,[0]!Team_Total,'Team Summaries'!A13,[0]!Week_Total,'Team Summaries'!B13)} -> 110.4 | E13: {=SUMIFS([0]!Missed_Points,[0]!Team_Total,'Team Summaries'!A13,[0]!Week_Total,'Team Summaries'!B13)} -> 18.5 | F13: {=10-SUMIFS([0]!Non_Drafted_Player,[0]!Team_Total,'Team Summaries'!A13,[0]!Week_Total,'Team Summaries'!B13)} -> 0 | G13: {=SUMIFS([0]!ND_Starter_Points,[0]!Team_Total,'Team Summaries'!A13,[0]!Week_Total,'Team Summaries'!B13)} -> 0 | I13: =I12+1 -> 11 | J13: your friendly fantasy despot | K13: =AVERAGEIF($A$2:$A$1000,J13,$C$2:$C$1000) -> 123.50667 | L13: =AVERAGEIF($A$2:$A$1000,Table1[[#This Row],[Team]],$D$2:$D$1000) -> 118.13333 | M13: =AVERAGEIF($A$2:$A$1000,Table1[[#This Row],[Team]],$E$2:$E$1000) -> 5.3733333 | N13: =Table1[[#This Row],[Actual Points]]/Table1[[#This Row],[Possible Points]] -> 0.95649358 | O13: =AVERAGEIF($A$2:$A$1000,Table1[[#This Row],[Team]],$F$2:$F$1000) -> 0.33333333 | P13: =AVERAGEIF($A$2:$A$1000,Table1[[#This Row],[Team]],$G$2:$G$1000) -> 0.33333333 | Q13: =_xlfn.XLOOKUP(Table1[[#This Row],[Team]],'Draft Recap'!$S$2:$S$15,'Draft Recap'!T$2:T$15) -> 2486 | R13: 1791 | S13: =_xlfn.XLOOKUP(Table1[[#This Row],[Team]],'Draft Recap'!$S$2:$S$15,'Draft Recap'!U$2:U$15) -> 438.14 | T13: =_xlfn.XLOOKUP(Table1[[#This Row],[Team]],'Draft Recap'!$S$2:$S$15,'Draft Recap'!V$2:V$15) -> 0 | U13: =_xlfn.XLOOKUP(Table1[[#This Row],[Team]],'Draft Recap'!$S$2:$S$15,'Draft Recap'!W$2:W$15) -> 2482.7933 | V13: =_xlfn.XLOOKUP(Table1[[#This Row],[Team]],'Draft Recap'!$S$2:$S$15,'Draft Recap'!X$2:X$15) -> -3.2066667 | W13: =_xlfn.XLOOKUP(Table1[[#This Row],[Team]],'Draft Recap'!$S$2:$S$15,'Draft Recap'!Y$2:Y$15) -> 3 | X13: =_xlfn.XLOOKUP(Table1[[#This Row],[Team]],'Draft Recap'!$S$2:$S$15,'Draft Recap'!Z$2:Z$15) -> 8.75 | Y13: =_xlfn.XLOOKUP(Table1[[#This Row],[Team]],'Draft Recap'!$S$2:$S$15,'Draft Recap'!AA$2:AA$15) -> 31.29 | Z13: =_xlfn.XLOOKUP(Table1[[#This Row],[Team]],'Draft Recap'!$S$2:$S$15,'Draft Recap'!AB$2:AB$15) -> 7.54 | AA13: =_xlfn.XLOOKUP(Table1[[#This Row],[Team]],'Draft Recap'!$S$2:$S$15,'Draft Recap'!AC$2:AC$15) -> 0.91317131 | AB13: =AVERAGE((Table1[[#This Row],[Dif]]-AVERAGE(Table1[Dif]))/STDEV(Table1[Dif]),-(Table1[[#This Row],[Weighted INJ]]-AVERAGE(Table1[Weighted INJ]))/STDEV(Table1[Weighted INJ]),-(Table1[[#This Row],[MoV]]-AVERAGE(Table1[MoV]))/STDEV(Table1[MoV]),(Table1[[#This Row],[MoD]]-AVERAGE(Table1[MoD]))/STDEV(Table1[MoD]),-(Table1[[#This Row],[Opp Prop]]-AVERAGE(Table1[Opp Prop]))/STDEV(Table1[Opp Prop])) -> -0.17664747 | AC13: =AVERAGE((Table1[[#This Row],[Coaching Efficiency]]-AVERAGE(Table1[Coaching Efficiency]))/STDEV(Table1[Coaching Efficiency]),(Table1[[#This Row],[Undrafted Points]]-AVERAGE(Table1[Undrafted Points]))/STDEV(Table1[Undrafted Points]),(Table1[[#This Row],[Projection_Starters]]-AVERAGE(Table1[Projection_Starters]))/STDEV(Table1[Projection_Starters])) -> -0.51546901
A14: Juwan's Big Johnson | B14: 1 | C14: {=SUMIFS([0]!Ideal_Points,[0]!Team_Total,'Team Summaries'!A14,[0]!Week_Total,'Team Summaries'!B14)} -> 145.06 | D14: {=SUMIFS([0]!Actual_Points,[0]!Team_Total,'Team Summaries'!A14,[0]!Week_Total,'Team Summaries'!B14)} -> 144.16 | E14: {=SUMIFS([0]!Missed_Points,[0]!Team_Total,'Team Summaries'!A14,[0]!Week_Total,'Team Summaries'!B14)} -> 0.9 | F14: {=10-SUMIFS([0]!Non_Drafted_Player,[0]!Team_Total,'Team Summaries'!A14,[0]!Week_Total,'Team Summaries'!B14)} -> 0 | G14: {=SUMIFS([0]!ND_Starter_Points,[0]!Team_Total,'Team Summaries'!A14,[0]!Week_Total,'Team Summaries'!B14)} -> 0 | I14: =I13+1 -> 12 | J14: pretty good team | K14: =AVERAGEIF($A$2:$A$1000,J14,$C$2:$C$1000) -> 99.18 | L14: =AVERAGEIF($A$2:$A$1000,Table1[[#This Row],[Team]],$D$2:$D$1000) -> 91.313333 | M14: =AVERAGEIF($A$2:$A$1000,Table1[[#This Row],[Team]],$E$2:$E$1000) -> 7.8666667 | N14: =Table1[[#This Row],[Actual Points]]/Table1[[#This Row],[Possible Points]] -> 0.92068293 | O14: =AVERAGEIF($A$2:$A$1000,Table1[[#This Row],[Team]],$F$2:$F$1000) -> 0.66666667 | P14: =AVERAGEIF($A$2:$A$1000,Table1[[#This Row],[Team]],$G$2:$G$1000) -> 0.33333333 | Q14: =_xlfn.XLOOKUP(Table1[[#This Row],[Team]],'Draft Recap'!$S$2:$S$15,'Draft Recap'!T$2:T$15) -> 2483 | R14: 1800 | S14: =_xlfn.XLOOKUP(Table1[[#This Row],[Team]],'Draft Recap'!$S$2:$S$15,'Draft Recap'!U$2:U$15) -> 341.38 | T14: =_xlfn.XLOOKUP(Table1[[#This Row],[Team]],'Draft Recap'!$S$2:$S$15,'Draft Recap'!V$2:V$15) -> 0 | U14: =_xlfn.XLOOKUP(Table1[[#This Row],[Team]],'Draft Recap'!$S$2:$S$15,'Draft Recap'!W$2:W$15) -> 1934.4867 | V14: =_xlfn.XLOOKUP(Table1[[#This Row],[Team]],'Draft Recap'!$S$2:$S$15,'Draft Recap'!X$2:X$15) -> -548.51333 | W14: =_xlfn.XLOOKUP(Table1[[#This Row],[Team]],'Draft Recap'!$S$2:$S$15,'Draft Recap'!Y$2:Y$15) -> 3 | X14: =_xlfn.XLOOKUP(Table1[[#This Row],[Team]],'Draft Recap'!$S$2:$S$15,'Draft Recap'!Z$2:Z$15) -> 3.75 | Y14: =_xlfn.XLOOKUP(Table1[[#This Row],[Team]],'Draft Recap'!$S$2:$S$15,'Draft Recap'!AA$2:AA$15) -> 0 | Z14: =_xlfn.XLOOKUP(Table1[[#This Row],[Team]],'Draft Recap'!$S$2:$S$15,'Draft Recap'!AB$2:AB$15) -> 34.92 | AA14: =_xlfn.XLOOKUP(Table1[[#This Row],[Team]],'Draft Recap'!$S$2:$S$15,'Draft Recap'!AC$2:AC$15) -> 1.0472273 | AB14: =AVERAGE((Table1[[#This Row],[Dif]]-AVERAGE(Table1[Dif]))/STDEV(Table1[Dif]),-(Table1[[#This Row],[Weighted INJ]]-AVERAGE(Table1[Weighted INJ]))/STDEV(Table1[Weighted INJ]),-(Table1[[#This Row],[MoV]]-AVERAGE(Table1[MoV]))/STDEV(Table1[MoV]),(Table1[[#This Row],[MoD]]-AVERAGE(Table1[MoD]))/STDEV(Table1[MoD]),-(Table1[[#This Row],[Opp Prop]]-AVERAGE(Table1[Opp Prop]))/STDEV(Table1[Opp Prop])) -> 0.15424588 | AC14: =AVERAGE((Table1[[#This Row],[Coaching Efficiency]]-AVERAGE(Table1[Coaching Efficiency]))/STDEV(Table1[Coaching Efficiency]),(Table1[[#This Row],[Undrafted Points]]-AVERAGE(Table1[Undrafted Points]))/STDEV(Table1[Undrafted Points]),(Table1[[#This Row],[Projection_Starters]]-AVERAGE(Table1[Projection_Starters]))/STDEV(Table1[Projection_Starters])) -> -0.6901502
A15: Jungle Drummer | B15: 1 | C15: {=SUMIFS([0]!Ideal_Points,[0]!Team_Total,'Team Summaries'!A15,[0]!Week_Total,'Team Summaries'!B15)} -> 101.12 | D15: {=SUMIFS([0]!Actual_Points,[0]!Team_Total,'Team Summaries'!A15,[0]!Week_Total,'Team Summaries'!B15)} -> 90.82 | E15: {=SUMIFS([0]!Missed_Points,[0]!Team_Total,'Team Summaries'!A15,[0]!Week_Total,'Team Summaries'!B15)} -> 10.3 | F15: {=10-SUMIFS([0]!Non_Drafted_Player,[0]!Team_Total,'Team Summaries'!A15,[0]!Week_Total,'Team Summaries'!B15)} -> 1 | G15: {=SUMIFS([0]!ND_Starter_Points,[0]!Team_Total,'Team Summaries'!A15,[0]!Week_Total,'Team Summaries'!B15)} -> 3.7 | I15: =I14+1 -> 13 | J15: Juwan's Big Johnson | K15: =AVERAGEIF($A$2:$A$1000,J15,$C$2:$C$1000) -> 129.46 | L15: =AVERAGEIF($A$2:$A$1000,Table1[[#This Row],[Team]],$D$2:$D$1000) -> 118.00667 | M15: =AVERAGEIF($A$2:$A$1000,Table1[[#This Row],[Team]],$E$2:$E$1000) -> 11.453333 | N15: =Table1[[#This Row],[Actual Points]]/Table1[[#This Row],[Possible Points]] -> 0.91152994 | O15: =AVERAGEIF($A$2:$A$1000,Table1[[#This Row],[Team]],$F$2:$F$1000) -> 1 | P15: =AVERAGEIF($A$2:$A$1000,Table1[[#This Row],[Team]],$G$2:$G$1000) -> 13.513333 | Q15: =_xlfn.XLOOKUP(Table1[[#This Row],[Team]],'Draft Recap'!$S$2:$S$15,'Draft Recap'!T$2:T$15) -> 2360 | R15: 1791 | S15: =_xlfn.XLOOKUP(Table1[[#This Row],[Team]],'Draft Recap'!$S$2:$S$15,'Draft Recap'!U$2:U$15) -> 405.48 | T15: =_xlfn.XLOOKUP(Table1[[#This Row],[Team]],'Draft Recap'!$S$2:$S$15,'Draft Recap'!V$2:V$15) -> 0 | U15: =_xlfn.XLOOKUP(Table1[[#This Row],[Team]],'Draft Recap'!$S$2:$S$15,'Draft Recap'!W$2:W$15) -> 2297.72 | V15: =_xlfn.XLOOKUP(Table1[[#This Row],[Team]],'Draft Recap'!$S$2:$S$15,'Draft Recap'!X$2:X$15) -> -62.28 | W15: =_xlfn.XLOOKUP(Table1[[#This Row],[Team]],'Draft Recap'!$S$2:$S$15,'Draft Recap'!Y$2:Y$15) -> 3 | X15: =_xlfn.XLOOKUP(Table1[[#This Row],[Team]],'Draft Recap'!$S$2:$S$15,'Draft Recap'!Z$2:Z$15) -> 9 | Y15: =_xlfn.XLOOKUP(Table1[[#This Row],[Team]],'Draft Recap'!$S$2:$S$15,'Draft Recap'!AA$2:AA$15) -> 40.05 | Z15: =_xlfn.XLOOKUP(Table1[[#This Row],[Team]],'Draft Recap'!$S$2:$S$15,'Draft Recap'!AB$2:AB$15) -> 24.3 | AA15: =_xlfn.XLOOKUP(Table1[[#This Row],[Team]],'Draft Recap'!$S$2:$S$15,'Draft Recap'!AC$2:AC$15) -> 1 | AB15: =AVERAGE((Table1[[#This Row],[Dif]]-AVERAGE(Table1[Dif]))/STDEV(Table1[Dif]),-(Table1[[#This Row],[Weighted INJ]]-AVERAGE(Table1[Weighted INJ]))/STDEV(Table1[Weighted INJ]),-(Table1[[#This Row],[MoV]]-AVERAGE(Table1[MoV]))/STDEV(Table1[MoV]),(Table1[[#This Row],[MoD]]-AVERAGE(Table1[MoD]))/STDEV(Table1[MoD]),-(Table1[[#This Row],[Opp Prop]]-AVERAGE(Table1[Opp Prop]))/STDEV(Table1[Opp Prop])) -> -0.29429207 | AC15: =AVERAGE((Table1[[#This Row],[Coaching Efficiency]]-AVERAGE(Table1[Coaching Efficiency]))/STDEV(Table1[Coaching Efficiency]),(Table1[[#This Row],[Undrafted Points]]-AVERAGE(Table1[Undrafted Points]))/STDEV(Table1[Undrafted Points]),(Table1[[#This Row],[Projection_Starters]]-AVERAGE(Table1[Projection_Starters]))/STDEV(Table1[Projection_Starters])) -> -0.052472455
A16: Coach Carlt | B16: 2 | C16: {=SUMIFS([0]!Ideal_Points,[0]!Team_Total,'Team Summaries'!A16,[0]!Week_Total,'Team Summaries'!B16)} -> 108.22 | D16: {=SUMIFS([0]!Actual_Points,[0]!Team_Total,'Team Summaries'!A16,[0]!Week_Total,'Team Summaries'!B16)} -> 102.04 | E16: {=SUMIFS([0]!Missed_Points,[0]!Team_Total,'Team Summaries'!A16,[0]!Week_Total,'Team Summaries'!B16)} -> 6.18 | F16: {=10-SUMIFS([0]!Non_Drafted_Player,[0]!Team_Total,'Team Summaries'!A16,[0]!Week_Total,'Team Summaries'!B16)} -> 0 | G16: {=SUMIFS([0]!ND_Starter_Points,[0]!Team_Total,'Team Summaries'!A16,[0]!Week_Total,'Team Summaries'!B16)} -> 0 | I16: =I15+1 -> 14 | J16: Jungle Drummer | K16: =AVERAGEIF($A$2:$A$1000,J16,$C$2:$C$1000) -> 118.44 | L16: =AVERAGEIF($A$2:$A$1000,Table1[[#This Row],[Team]],$D$2:$D$1000) -> 104.53333 | M16: =AVERAGEIF($A$2:$A$1000,Table1[[#This Row],[Team]],$E$2:$E$1000) -> 13.906667 | N16: =Table1[[#This Row],[Actual Points]]/Table1[[#This Row],[Possible Points]] -> 0.88258471 | O16: =AVERAGEIF($A$2:$A$1000,Table1[[#This Row],[Team]],$F$2:$F$1000) -> 1.3333333 | P16: =AVERAGEIF($A$2:$A$1000,Table1[[#This Row],[Team]],$G$2:$G$1000) -> 7.3333333 | Q16: =_xlfn.XLOOKUP(Table1[[#This Row],[Team]],'Draft Recap'!$S$2:$S$15,'Draft Recap'!T$2:T$15) -> 2408 | R16: 1871 | S16: =_xlfn.XLOOKUP(Table1[[#This Row],[Team]],'Draft Recap'!$S$2:$S$15,'Draft Recap'!U$2:U$15) -> 400.88 | T16: =_xlfn.XLOOKUP(Table1[[#This Row],[Team]],'Draft Recap'!$S$2:$S$15,'Draft Recap'!V$2:V$15) -> 0 | U16: =_xlfn.XLOOKUP(Table1[[#This Row],[Team]],'Draft Recap'!$S$2:$S$15,'Draft Recap'!W$2:W$15) -> 2271.6533 | V16: =_xlfn.XLOOKUP(Table1[[#This Row],[Team]],'Draft Recap'!$S$2:$S$15,'Draft Recap'!X$2:X$15) -> -136.34667 | W16: =_xlfn.XLOOKUP(Table1[[#This Row],[Team]],'Draft Recap'!$S$2:$S$15,'Draft Recap'!Y$2:Y$15) -> 0 | X16: =_xlfn.XLOOKUP(Table1[[#This Row],[Team]],'Draft Recap'!$S$2:$S$15,'Draft Recap'!Z$2:Z$15) -> 0 | Y16: =_xlfn.XLOOKUP(Table1[[#This Row],[Team]],'Draft Recap'!$S$2:$S$15,'Draft Recap'!AA$2:AA$15) -> 0 | Z16: =_xlfn.XLOOKUP(Table1[[#This Row],[Team]],'Draft Recap'!$S$2:$S$15,'Draft Recap'!AB$2:AB$15) -> 30.886667 | AA16: =_xlfn.XLOOKUP(Table1[[#This Row],[Team]],'Draft Recap'!$S$2:$S$15,'Draft Recap'!AC$2:AC$15) -> 1.0489965 | AB16: =AVERAGE((Table1[[#This Row],[Dif]]-AVERAGE(Table1[Dif]))/STDEV(Table1[Dif]),-(Table1[[#This Row],[Weighted INJ]]-AVERAGE(Table1[Weighted INJ]))/STDEV(Table1[Weighted INJ]),-(Table1[[#This Row],[MoV]]-AVERAGE(Table1[MoV]))/STDEV(Table1[MoV]),(Table1[[#This Row],[MoD]]-AVERAGE(Table1[MoD]))/STDEV(Table1[MoD]),-(Table1[[#This Row],[Opp Prop]]-AVERAGE(Table1[Opp Prop]))/STDEV(Table1[Opp Prop])) -> 0.63186679 | AC16: =AVERAGE((Table1[[#This Row],[Coaching Efficiency]]-AVERAGE(Table1[Coaching Efficiency]))/STDEV(Table1[Coaching Efficiency]),(Table1[[#This Row],[Undrafted Points]]-AVERAGE(Table1[Undrafted Points]))/STDEV(Table1[Undrafted Points]),(Table1[[#This Row],[Projection_Starters]]-AVERAGE(Table1[Projection_Starters]))/STDEV(Table1[Projection_Starters])) -> 0.076465218
A17: Picken Dis Nose | B17: 2 | C17: {=SUMIFS([0]!Ideal_Points,[0]!Team_Total,'Team Summaries'!A17,[0]!Week_Total,'Team Summaries'!B17)} -> 133.38 | D17: {=SUMIFS([0]!Actual_Points,[0]!Team_Total,'Team Summaries'!A17,[0]!Week_Total,'Team Summaries'!B17)} -> 120.88 | E17: {=SUMIFS([0]!Missed_Points,[0]!Team_Total,'Team Summaries'!A17,[0]!Week_Total,'Team Summaries'!B17)} -> 12.5 | F17: {=10-SUMIFS([0]!Non_Drafted_Player,[0]!Team_Total,'Team Summaries'!A17,[0]!Week_Total,'Team Summaries'!B17)} -> 3 | G17: {=SUMIFS([0]!ND_Starter_Points,[0]!Team_Total,'Team Summaries'!A17,[0]!Week_Total,'Team Summaries'!B17)} -> 17.8
A18: The Strib Club | B18: 2 | C18: {=SUMIFS([0]!Ideal_Points,[0]!Team_Total,'Team Summaries'!A18,[0]!Week_Total,'Team Summaries'!B18)} -> 127.22 | D18: {=SUMIFS([0]!Actual_Points,[0]!Team_Total,'Team Summaries'!A18,[0]!Week_Total,'Team Summaries'!B18)} -> 110.82 | E18: {=SUMIFS([0]!Missed_Points,[0]!Team_Total,'Team Summaries'!A18,[0]!Week_Total,'Team Summaries'!B18)} -> 16.4 | F18: {=10-SUMIFS([0]!Non_Drafted_Player,[0]!Team_Total,'Team Summaries'!A18,[0]!Week_Total,'Team Summaries'!B18)} -> 1 | G18: {=SUMIFS([0]!ND_Starter_Points,[0]!Team_Total,'Team Summaries'!A18,[0]!Week_Total,'Team Summaries'!B18)} -> 4.9
A19: Shough and pray | B19: 2 | C19: {=SUMIFS([0]!Ideal_Points,[0]!Team_Total,'Team Summaries'!A19,[0]!Week_Total,'Team Summaries'!B19)} -> 135.18 | D19: {=SUMIFS([0]!Actual_Points,[0]!Team_Total,'Team Summaries'!A19,[0]!Week_Total,'Team Summaries'!B19)} -> 135.18 | E19: {=SUMIFS([0]!Missed_Points,[0]!Team_Total,'Team Summaries'!A19,[0]!Week_Total,'Team Summaries'!B19)} -> -4.4408921e-16 | F19: {=10-SUMIFS([0]!Non_Drafted_Player,[0]!Team_Total,'Team Summaries'!A19,[0]!Week_Total,'Team Summaries'!B19)} -> 2 | G19: {=SUMIFS([0]!ND_Starter_Points,[0]!Team_Total,'Team Summaries'!A19,[0]!Week_Total,'Team Summaries'!B19)} -> 27.2
A20: Pleading the Fifth Down | B20: 2 | C20: {=SUMIFS([0]!Ideal_Points,[0]!Team_Total,'Team Summaries'!A20,[0]!Week_Total,'Team Summaries'!B20)} -> 122.62 | D20: {=SUMIFS([0]!Actual_Points,[0]!Team_Total,'Team Summaries'!A20,[0]!Week_Total,'Team Summaries'!B20)} -> 110.52 | E20: {=SUMIFS([0]!Missed_Points,[0]!Team_Total,'Team Summaries'!A20,[0]!Week_Total,'Team Summaries'!B20)} -> 12.1 | F20: {=10-SUMIFS([0]!Non_Drafted_Player,[0]!Team_Total,'Team Summaries'!A20,[0]!Week_Total,'Team Summaries'!B20)} -> 0 | G20: {=SUMIFS([0]!ND_Starter_Points,[0]!Team_Total,'Team Summaries'!A20,[0]!Week_Total,'Team Summaries'!B20)} -> 0
A21: Please Let Me Win IDK what 2 do | B21: 2 | C21: {=SUMIFS([0]!Ideal_Points,[0]!Team_Total,'Team Summaries'!A21,[0]!Week_Total,'Team Summaries'!B21)} -> 126.5 | D21: {=SUMIFS([0]!Actual_Points,[0]!Team_Total,'Team Summaries'!A21,[0]!Week_Total,'Team Summaries'!B21)} -> 113.1 | E21: {=SUMIFS([0]!Missed_Points,[0]!Team_Total,'Team Summaries'!A21,[0]!Week_Total,'Team Summaries'!B21)} -> 13.4 | F21: {=10-SUMIFS([0]!Non_Drafted_Player,[0]!Team_Total,'Team Summaries'!A21,[0]!Week_Total,'Team Summaries'!B21)} -> 0 | G21: {=SUMIFS([0]!ND_Starter_Points,[0]!Team_Total,'Team Summaries'!A21,[0]!Week_Total,'Team Summaries'!B21)} -> 0
A22: I'm At My Limit | B22: 2 | C22: {=SUMIFS([0]!Ideal_Points,[0]!Team_Total,'Team Summaries'!A22,[0]!Week_Total,'Team Summaries'!B22)} -> 112.68 | D22: {=SUMIFS([0]!Actual_Points,[0]!Team_Total,'Team Summaries'!A22,[0]!Week_Total,'Team Summaries'!B22)} -> 95.78 | E22: {=SUMIFS([0]!Missed_Points,[0]!Team_Total,'Team Summaries'!A22,[0]!Week_Total,'Team Summaries'!B22)} -> 16.9 | F22: {=10-SUMIFS([0]!Non_Drafted_Player,[0]!Team_Total,'Team Summaries'!A22,[0]!Week_Total,'Team Summaries'!B22)} -> 1 | G22: {=SUMIFS([0]!ND_Starter_Points,[0]!Team_Total,'Team Summaries'!A22,[0]!Week_Total,'Team Summaries'!B22)} -> 10
A23: Puka bit my finger | B23: 2 | C23: {=SUMIFS([0]!Ideal_Points,[0]!Team_Total,'Team Summaries'!A23,[0]!Week_Total,'Team Summaries'!B23)} -> 99.98 | D23: {=SUMIFS([0]!Actual_Points,[0]!Team_Total,'Team Summaries'!A23,[0]!Week_Total,'Team Summaries'!B23)} -> 79.58 | E23: {=SUMIFS([0]!Missed_Points,[0]!Team_Total,'Team Summaries'!A23,[0]!Week_Total,'Team Summaries'!B23)} -> 20.4 | F23: {=10-SUMIFS([0]!Non_Drafted_Player,[0]!Team_Total,'Team Summaries'!A23,[0]!Week_Total,'Team Summaries'!B23)} -> 0 | G23: {=SUMIFS([0]!ND_Starter_Points,[0]!Team_Total,'Team Summaries'!A23,[0]!Week_Total,'Team Summaries'!B23)} -> 0
A24: Lemieuse-bouche sais quoi | B24: 2 | C24: {=SUMIFS([0]!Ideal_Points,[0]!Team_Total,'Team Summaries'!A24,[0]!Week_Total,'Team Summaries'!B24)} -> 123.92 | D24: {=SUMIFS([0]!Actual_Points,[0]!Team_Total,'Team Summaries'!A24,[0]!Week_Total,'Team Summaries'!B24)} -> 116.92 | E24: {=SUMIFS([0]!Missed_Points,[0]!Team_Total,'Team Summaries'!A24,[0]!Week_Total,'Team Summaries'!B24)} -> 7 | F24: {=10-SUMIFS([0]!Non_Drafted_Player,[0]!Team_Total,'Team Summaries'!A24,[0]!Week_Total,'Team Summaries'!B24)} -> 0 | G24: {=SUMIFS([0]!ND_Starter_Points,[0]!Team_Total,'Team Summaries'!A24,[0]!Week_Total,'Team Summaries'!B24)} -> 0
A25: the medical tent apparently | B25: 2 | C25: {=SUMIFS([0]!Ideal_Points,[0]!Team_Total,'Team Summaries'!A25,[0]!Week_Total,'Team Summaries'!B25)} -> 120.26 | D25: {=SUMIFS([0]!Actual_Points,[0]!Team_Total,'Team Summaries'!A25,[0]!Week_Total,'Team Summaries'!B25)} -> 92.3 | E25: {=SUMIFS([0]!Missed_Points,[0]!Team_Total,'Team Summaries'!A25,[0]!Week_Total,'Team Summaries'!B25)} -> 27.96 | F25: {=10-SUMIFS([0]!Non_Drafted_Player,[0]!Team_Total,'Team Summaries'!A25,[0]!Week_Total,'Team Summaries'!B25)} -> 0 | G25: {=SUMIFS([0]!ND_Starter_Points,[0]!Team_Total,'Team Summaries'!A25,[0]!Week_Total,'Team Summaries'!B25)} -> 0
A26: your friendly fantasy despot | B26: 2 | C26: {=SUMIFS([0]!Ideal_Points,[0]!Team_Total,'Team Summaries'!A26,[0]!Week_Total,'Team Summaries'!B26)} -> 131.28 | D26: {=SUMIFS([0]!Actual_Points,[0]!Team_Total,'Team Summaries'!A26,[0]!Week_Total,'Team Summaries'!B26)} -> 131.28 | E26: {=SUMIFS([0]!Missed_Points,[0]!Team_Total,'Team Summaries'!A26,[0]!Week_Total,'Team Summaries'!B26)} -> 0 | F26: {=10-SUMIFS([0]!Non_Drafted_Player,[0]!Team_Total,'Team Summaries'!A26,[0]!Week_Total,'Team Summaries'!B26)} -> 0 | G26: {=SUMIFS([0]!ND_Starter_Points,[0]!Team_Total,'Team Summaries'!A26,[0]!Week_Total,'Team Summaries'!B26)} -> 0
A27: pretty good team | B27: 2 | C27: {=SUMIFS([0]!Ideal_Points,[0]!Team_Total,'Team Summaries'!A27,[0]!Week_Total,'Team Summaries'!B27)} -> 59.16 | D27: {=SUMIFS([0]!Actual_Points,[0]!Team_Total,'Team Summaries'!A27,[0]!Week_Total,'Team Summaries'!B27)} -> 56.16 | E27: {=SUMIFS([0]!Missed_Points,[0]!Team_Total,'Team Summaries'!A27,[0]!Week_Total,'Team Summaries'!B27)} -> 3 | F27: {=10-SUMIFS([0]!Non_Drafted_Player,[0]!Team_Total,'Team Summaries'!A27,[0]!Week_Total,'Team Summaries'!B27)} -> 1 | G27: {=SUMIFS([0]!ND_Starter_Points,[0]!Team_Total,'Team Summaries'!A27,[0]!Week_Total,'Team Summaries'!B27)} -> 7
A28: Juwan's Big Johnson | B28: 2 | C28: {=SUMIFS([0]!Ideal_Points,[0]!Team_Total,'Team Summaries'!A28,[0]!Week_Total,'Team Summaries'!B28)} -> 101.98 | D28: {=SUMIFS([0]!Actual_Points,[0]!Team_Total,'Team Summaries'!A28,[0]!Week_Total,'Team Summaries'!B28)} -> 92.62 | E28: {=SUMIFS([0]!Missed_Points,[0]!Team_Total,'Team Summaries'!A28,[0]!Week_Total,'Team Summaries'!B28)} -> 9.36 | F28: {=10-SUMIFS([0]!Non_Drafted_Player,[0]!Team_Total,'Team Summaries'!A28,[0]!Week_Total,'Team Summaries'!B28)} -> 1 | G28: {=SUMIFS([0]!ND_Starter_Points,[0]!Team_Total,'Team Summaries'!A28,[0]!Week_Total,'Team Summaries'!B28)} -> 2.8
... A43: Jungle Drummer | B43: 3 | C43: {=SUMIFS([0]!Ideal_Points,[0]!Team_Total,'Team Summaries'!A43,[0]!Week_Total,'Team Summaries'!B43)} -> 123.84 | D43: {=SUMIFS([0]!Actual_Points,[0]!Team_Total,'Team Summaries'!A43,[0]!Week_Total,'Team Summaries'!B43)} -> 114.72 | E43: {=SUMIFS([0]!Missed_Points,[0]!Team_Total,'Team Summaries'!A43,[0]!Week_Total,'Team Summaries'!B43)} -> 9.12 | F43: {=10-SUMIFS([0]!Non_Drafted_Player,[0]!Team_Total,'Team Summaries'!A43,[0]!Week_Total,'Team Summaries'!B43)} -> 3 | G43: {=SUMIFS([0]!ND_Starter_Points,[0]!Team_Total,'Team Summaries'!A43,[0]!Week_Total,'Team Summaries'!B43)} -> 18.3

Sheet Summary
A1: Team | B1: Possible Points | C1: Actual Points | D1: Points Missed | E1: Coaching Efficiency | F1: Undrafted Players | G1: Undrafted Points | H1: Projection | I1: Projection_Starters | J1: Actual | K1: Byes | L1: Paced | M1: Dif | N1: INJ | O1: Weighted INJ | P1: MoV | Q1: MoD | R1: Opp Prop | S1: Luck Rating | T1: Manager Rating
A2: ='Team Summaries'!J3 -> Coach Carlt | B2: ='Team Summaries'!K3 -> 110.15333 | C2: ='Team Summaries'!L3 -> 107.82667 | D2: ='Team Summaries'!M3 -> 2.3266667 | E2: ='Team Summaries'!N3 -> 0.97887793 | F2: ='Team Summaries'!O3 -> 0 | G2: ='Team Summaries'!P3 -> 0 | H2: ='Team Summaries'!Q3 -> 2480 | ... T2: ='Team Summaries'!AC3 -> 0.27953576
A3: ='Team Summaries'!J4 -> Picken Dis Nose | B3: ='Team Summaries'!K4 -> 113.05333 | C3: ='Team Summaries'!L4 -> 98.053333 | D3: ='Team Summaries'!M4 -> 15 | E3: ='Team Summaries'!N4 -> 0.86731926 | F3: ='Team Summaries'!O4 -> 2.3333333 | G3: ='Team Summaries'!P4 -> 12.666667 | H3: ='Team Summaries'!Q4 -> 2339 | ... T3: ='Team Summaries'!AC4 -> 0.0045102441
A4: ='Team Summaries'!J5 -> The Strib Club | B4: ='Team Summaries'!K5 -> 108.74667 | C4: ='Team Summaries'!L5 -> 93.113333 | D4: ='Team Summaries'!M5 -> 15.633333 | E4: ='Team Summaries'!N5 -> 0.8562408 | F4: ='Team Summaries'!O5 -> 1 | G4: ='Team Summaries'!P5 -> 5.4333333 | H4: ='Team Summaries'!Q5 -> 2163 | ... T4: ='Team Summaries'!AC5 -> -0.78267519
A5: ='Team Summaries'!J6 -> Shough and pray | B5: ='Team Summaries'!K6 -> 143.89333 | C5: ='Team Summaries'!L6 -> 139.06 | D5: ='Team Summaries'!M6 -> 4.8333333 | E5: ='Team Summaries'!N6 -> 0.9664103 | F5: ='Team Summaries'!O6 -> 1.3333333 | G5: ='Team Summaries'!P6 -> 14.533333 | H5: ='Team Summaries'!Q6 -> 2227 | ... T5: ='Team Summaries'!AC6 -> 1.2190052
A6: ='Team Summaries'!J7 -> Pleading the Fifth Down | B6: ='Team Summaries'!K7 -> 135.36667 | C6: ='Team Summaries'!L7 -> 119.86667 | D6: ='Team Summaries'!M7 -> 15.5 | E6: ='Team Summaries'!N7 -> 0.88549618 | F6: ='Team Summaries'!O7 -> 0.33333333 | G6: ='Team Summaries'!P7 -> 4.5466667 | H6: ='Team Summaries'!Q7 -> 2558 | ... T6: ='Team Summaries'!AC7 -> 0.22068711
A7: ='Team Summaries'!J8 -> Please Let Me Win IDK what 2 do | B7: ='Team Summaries'!K8 -> 140.96 | C7: ='Team Summaries'!L8 -> 136.39333 | D7: ='Team Summaries'!M8 -> 4.5666667 | E7: ='Team Summaries'!N8 -> 0.9676031 | F7: ='Team Summaries'!O8 -> 0.33333333 | G7: ='Team Summaries'!P8 -> 7.4066667 | H7: ='Team Summaries'!Q8 -> 2178 | ... T7: ='Team Summaries'!AC8 -> 0.77002374
A8: ='Team Summaries'!J9 -> I'm At My Limit | B8: ='Team Summaries'!K9 -> 124.28 | C8: ='Team Summaries'!L9 -> 110.16 | D8: ='Team Summaries'!M9 -> 14.12 | E8: ='Team Summaries'!N9 -> 0.88638558 | F8: ='Team Summaries'!O9 -> 1.3333333 | G8: ='Team Summaries'!P9 -> 13.333333 | H8: ='Team Summaries'!Q9 -> 2425 | ... T8: ='Team Summaries'!AC9 -> 0.48525626
A9: ='Team Summaries'!J10 -> Puka bit my finger | B9: ='Team Summaries'!K10 -> 115.66667 | C9: ='Team Summaries'!L10 -> 96.473333 | D9: ='Team Summaries'!M10 -> 19.193333 | E9: ='Team Summaries'!N10 -> 0.8340634 | F9: ='Team Summaries'!O10 -> 0 | G9: ='Team Summaries'!P10 -> 0 | H9: ='Team Summaries'!Q10 -> 2523 | ... T9: ='Team Summaries'!AC10 -> -0.66659724
A10: ='Team Summaries'!J11 -> Lemieuse-bouche sais quoi | B10: ='Team Summaries'!K11 -> 111.16667 | C10: ='Team Summaries'!L11 -> 106.83333 | D10: ='Team Summaries'!M11 -> 4.3333333 | E10: ='Team Summaries'!N11 -> 0.96101949 | F10: ='Team Summaries'!O11 -> 0.66666667 | G10: ='Team Summaries'!P11 -> 3.7 | H10: ='Team Summaries'!Q11 -> 2298 | ... T10: ='Team Summaries'!AC11 -> 0.3111977
A11: ='Team Summaries'!J12 -> the medical tent apparently | B11: ='Team Summaries'!K12 -> 102.68667 | C11: ='Team Summaries'!L12 -> 91.466667 | D11: ='Team Summaries'!M12 -> 11.22 | E11: ='Team Summaries'!N12 -> 0.89073557 | F11: ='Team Summaries'!O12 -> 0 | G11: ='Team Summaries'!P12 -> 0 | H11: ='Team Summaries'!Q12 -> 2433 | ... T11: ='Team Summaries'!AC12 -> -0.65931716
A12: ='Team Summaries'!J13 -> your friendly fantasy despot | B12: ='Team Summaries'!K13 -> 123.50667 | C12: ='Team Summaries'!L13 -> 118.13333 | D12: ='Team Summaries'!M13 -> 5.3733333 | E12: ='Team Summaries'!N13 -> 0.95649358 | F12: ='Team Summaries'!O13 -> 0.33333333 | G12: ='Team Summaries'!P13 -> 0.33333333 | H12: ='Team Summaries'!Q13 -> 2486 | ... T12: ='Team Summaries'!AC13 -> -0.51546901
A13: ='Team Summaries'!J14 -> pretty good team | B13: ='Team Summaries'!K14 -> 99.18 | C13: ='Team Summaries'!L14 -> 91.313333 | D13: ='Team Summaries'!M14 -> 7.8666667 | E13: ='Team Summaries'!N14 -> 0.92068293 | F13: ='Team Summaries'!O14 -> 0.66666667 | G13: ='Team Summaries'!P14 -> 0.33333333 | H13: ='Team Summaries'!Q14 -> 2483 | ... T13: ='Team Summaries'!AC14 -> -0.6901502
... A15: ='Team Summaries'!J16 -> Jungle Drummer | B15: ='Team Summaries'!K16 -> 118.44 | C15: ='Team Summaries'!L16 -> 104.53333 | D15: ='Team Summaries'!M16 -> 13.906667 | E15: ='Team Summaries'!N16 -> 0.88258471 | F15: ='Team Summaries'!O16 -> 1.3333333 | G15: ='Team Summaries'!P16 -> 7.3333333 | H15: ='Team Summaries'!Q16 -> 2408 | ... T15: ='Team Summaries'!AC16 -> 0.076465218

Sheet Weekly Ideal Results
A1: Week | B1: Team 1 | C1: Team 2 | D1: T1 Points | E1: T2 Points | F1: Total Points | H1: Team | I1: Wins | J1: Losses | L1: East | R1: West
A2: 1 | B2: Picken Dis Nose | C2: Coach Carlt | D2: {=INDEX('Team Summaries'!$C$2:$C$1000,MATCH(1,('Weekly Ideal Results'!$A2='Team Summaries'!$B$2:$B$1000)*('Weekly Ideal Results'!B2='Team Summaries'!$A$2:$A$1000),0))} -> 95.3 | E2: {=INDEX('Team Summaries'!$C$2:$C$1000,MATCH(1,('Weekly Ideal Results'!$A2='Team Summaries'!$B$2:$B$1000)*('Weekly Ideal Results'!C2='Team Summaries'!$A$2:$A$1000),0))} -> 129.06 | F2: =D2-E2 -> -33.76 | H2: ='Team Summaries'!J3 -> Coach Carlt | I2: =COUNTIFS($B$2:$B$1000,H2,$F$2:$F$1000,">0")+COUNTIFS($C$2:$C$1000,H2,$F$2:$F$1000,"<0") -> 3 | J2: =COUNTIFS($B$2:$B$1000,H2,$F$2:$F$1000,"<0")+COUNTIFS($C$2:$C$1000,H2,$F$2:$F$1000,">0") -> 0 | L2: Rank | M2: Team | N2: W | O2: L | P2: PCT | R2: Rank | S2: Team | T2: W | U2: L | V2: PCT
A3: 1 | B3: Shough and pray | C3: The Strib Club | D3: {=INDEX('Team Summaries'!$C$2:$C$1000,MATCH(1,('Weekly Ideal Results'!$A3='Team Summaries'!$B$2:$B$1000)*('Weekly Ideal Results'!B3='Team Summaries'!$A$2:$A$1000),0))} -> 164.2 | E3: {=INDEX('Team Summaries'!$C$2:$C$1000,MATCH(1,('Weekly Ideal Results'!$A3='Team Summaries'!$B$2:$B$1000)*('Weekly Ideal Results'!C3='Team Summaries'!$A$2:$A$1000),0))} -> 101.96 | F3: =D3-E3 -> 62.24 | H3: ='Team Summaries'!J4 -> Picken Dis Nose | I3: =COUNTIFS($B$2:$B$1000,H3,$F$2:$F$1000,">0")+COUNTIFS($C$2:$C$1000,H3,$F$2:$F$1000,"<0") -> 1 | J3: =COUNTIFS($B$2:$B$1000,H3,$F$2:$F$1000,"<0")+COUNTIFS($C$2:$C$1000,H3,$F$2:$F$1000,">0") -> 2 | L3: 1 | M3: Shough and pray | N3: =VLOOKUP(Table2[[#This Row],[Team]],$H$2:$J$15,2,FALSE) -> 3 | O3: =VLOOKUP(Table2[[#This Row],[Team]],$H$2:$J$15,3,FALSE) -> 0 | P3: =N3/SUM(N3,O3) -> 1 | R3: 1 | S3: Pleading the Fifth Down | T3: =VLOOKUP(Table3[[#This Row],[Team]],$H$2:$J$15,2,FALSE) -> 2 | U3: =VLOOKUP(Table3[[#This Row],[Team]],$H$2:$J$15,3,FALSE) -> 1 | V3: =T3/SUM(T3,U3) -> 0.66666667
A4: 1 | B4: Please Let Me Win IDK what 2 do | C4: Pleading the Fifth Down | D4: {=INDEX('Team Summaries'!$C$2:$C$1000,MATCH(1,('Weekly Ideal Results'!$A4='Team Summaries'!$B$2:$B$1000)*('Weekly Ideal Results'!B4='Team Summaries'!$A$2:$A$1000),0))} -> 144.5 | E4: {=INDEX('Team Summaries'!$C$2:$C$1000,MATCH(1,('Weekly Ideal Results'!$A4='Team Summaries'!$B$2:$B$1000)*('Weekly Ideal Results'!C4='Team Summaries'!$A$2:$A$1000),0))} -> 145.84 | F4: =D4-E4 -> -1.34 | H4: ='Team Summaries'!J5 -> The Strib Club | I4: =COUNTIFS($B$2:$B$1000,H4,$F$2:$F$1000,">0")+COUNTIFS($C$2:$C$1000,H4,$F$2:$F$1000,"<0") -> 1 | J4: =COUNTIFS($B$2:$B$1000,H4,$F$2:$F$1000,"<0")+COUNTIFS($C$2:$C$1000,H4,$F$2:$F$1000,">0") -> 2 | L4: =L3+1 -> 2 | M4: Coach Carlt | N4: =VLOOKUP(Table2[[#This Row],[Team]],$H$2:$J$15,2,FALSE) -> 3 | O4: =VLOOKUP(Table2[[#This Row],[Team]],$H$2:$J$15,3,FALSE) -> 0 | P4: =N4/SUM(N4,O4) -> 1 | R4: =R3+1 -> 2 | S4: Juwan's Big Johnson | T4: =VLOOKUP(Table3[[#This Row],[Team]],$H$2:$J$15,2,FALSE) -> 2 | U4: =VLOOKUP(Table3[[#This Row],[Team]],$H$2:$J$15,3,FALSE) -> 1 | V4: =T4/SUM(T4,U4) -> 0.66666667
A5: 1 | B5: Puka bit my finger | C5: I'm At My Limit | D5: {=INDEX('Team Summaries'!$C$2:$C$1000,MATCH(1,('Weekly Ideal Results'!$A5='Team Summaries'!$B$2:$B$1000)*('Weekly Ideal Results'!B5='Team Summaries'!$A$2:$A$1000),0))} -> 115.04 | E5: {=INDEX('Team Summaries'!$C$2:$C$1000,MATCH(1,('Weekly Ideal Results'!$A5='Team Summaries'!$B$2:$B$1000)*('Weekly Ideal Results'!C5='Team Summaries'!$A$2:$A$1000),0))} -> 111 | F5: =D5-E5 -> 4.04 | H5: ='Team Summaries'!J6 -> Shough and pray | I5: =COUNTIFS($B$2:$B$1000,H5,$F$2:$F$1000,">0")+COUNTIFS($C$2:$C$1000,H5,$F$2:$F$1000,"<0") -> 3 | J5: =COUNTIFS($B$2:$B$1000,H5,$F$2:$F$1000,"<0")+COUNTIFS($C$2:$C$1000,H5,$F$2:$F$1000,">0") -> 0 | L5: =L4+1 -> 3 | M5: your friendly fantasy despot | N5: =VLOOKUP(Table2[[#This Row],[Team]],$H$2:$J$15,2,FALSE) -> 2 | O5: =VLOOKUP(Table2[[#This Row],[Team]],$H$2:$J$15,3,FALSE) -> 1 | P5: =N5/SUM(N5,O5) -> 0.66666667 | R5: =R4+1 -> 3 | S5: Lemieuse-bouche sais quoi | T5: =VLOOKUP(Table3[[#This Row],[Team]],$H$2:$J$15,2,FALSE) -> 2 | U5: =VLOOKUP(Table3[[#This Row],[Team]],$H$2:$J$15,3,FALSE) -> 1 | V5: =T5/SUM(T5,U5) -> 0.66666667
A6: 1 | B6: the medical tent apparently | C6: Lemieuse-bouche sais quoi | D6: {=INDEX('Team Summaries'!$C$2:$C$1000,MATCH(1,('Weekly Ideal Results'!$A6='Team Summaries'!$B$2:$B$1000)*('Weekly Ideal Results'!B6='Team Summaries'!$A$2:$A$1000),0))} -> 92.76 | E6: {=INDEX('Team Summaries'!$C$2:$C$1000,MATCH(1,('Weekly Ideal Results'!$A6='Team Summaries'!$B$2:$B$1000)*('Weekly Ideal Results'!C6='Team Summaries'!$A$2:$A$1000),0))} -> 128.52 | F6: =D6-E6 -> -35.76 | H6: ='Team Summaries'!J7 -> Pleading the Fifth Down | I6: =COUNTIFS($B$2:$B$1000,H6,$F$2:$F$1000,">0")+COUNTIFS($C$2:$C$1000,H6,$F$2:$F$1000,"<0") -> 2 | J6: =COUNTIFS($B$2:$B$1000,H6,$F$2:$F$1000,"<0")+COUNTIFS($C$2:$C$1000,H6,$F$2:$F$1000,">0") -> 1 | L6: =L5+1 -> 4 | M6: Puka bit my finger | N6: =VLOOKUP(Table2[[#This Row],[Team]],$H$2:$J$15,2,FALSE) -> 2 | O6: =VLOOKUP(Table2[[#This Row],[Team]],$H$2:$J$15,3,FALSE) -> 1 | P6: =N6/SUM(N6,O6) -> 0.66666667 | R6: =R5+1 -> 4 | S6: Please Let Me Win IDK what 2 do | T6: =VLOOKUP(Table3[[#This Row],[Team]],$H$2:$J$15,2,FALSE) -> 1 | U6: =VLOOKUP(Table3[[#This Row],[Team]],$H$2:$J$15,3,FALSE) -> 2 | V6: =T6/SUM(T6,U6) -> 0.33333333
A7: 1 | B7: pretty good team | C7: your friendly fantasy despot | D7: {=INDEX('Team Summaries'!$C$2:$C$1000,MATCH(1,('Weekly Ideal Results'!$A7='Team Summaries'!$B$2:$B$1000)*('Weekly Ideal Results'!B7='Team Summaries'!$A$2:$A$1000),0))} -> 128.9 | E7: {=INDEX('Team Summaries'!$C$2:$C$1000,MATCH(1,('Weekly Ideal Results'!$A7='Team Summaries'!$B$2:$B$1000)*('Weekly Ideal Results'!C7='Team Summaries'!$A$2:$A$1000),0))} -> 151.06 | F7: =D7-E7 -> -22.16 | H7: ='Team Summaries'!J8 -> Please Let Me Win IDK what 2 do | I7: =COUNTIFS($B$2:$B$1000,H7,$F$2:$F$1000,">0")+COUNTIFS($C$2:$C$1000,H7,$F$2:$F$1000,"<0") -> 1 | J7: =COUNTIFS($B$2:$B$1000,H7,$F$2:$F$1000,"<0")+COUNTIFS($C$2:$C$1000,H7,$F$2:$F$1000,">0") -> 2 | L7: =L6+1 -> 5 | M7: I'm At My Limit | N7: =VLOOKUP(Table2[[#This Row],[Team]],$H$2:$J$15,2,FALSE) -> 1 | O7: =VLOOKUP(Table2[[#This Row],[Team]],$H$2:$J$15,3,FALSE) -> 2 | P7: =N7/SUM(N7,O7) -> 0.33333333 | R7: =R6+1 -> 5 | S7: Picken Dis Nose | T7: =VLOOKUP(Table3[[#This Row],[Team]],$H$2:$J$15,2,FALSE) -> 1 | U7: =VLOOKUP(Table3[[#This Row],[Team]],$H$2:$J$15,3,FALSE) -> 2 | V7: =T7/SUM(T7,U7) -> 0.33333333
A8: 1 | B8: Jungle Drummer | C8: Juwan's Big Johnson | D8: {=INDEX('Team Summaries'!$C$2:$C$1000,MATCH(1,('Weekly Ideal Results'!$A8='Team Summaries'!$B$2:$B$1000)*('Weekly Ideal Results'!B8='Team Summaries'!$A$2:$A$1000),0))} -> 101.12 | E8: {=INDEX('Team Summaries'!$C$2:$C$1000,MATCH(1,('Weekly Ideal Results'!$A8='Team Summaries'!$B$2:$B$1000)*('Weekly Ideal Results'!C8='Team Summaries'!$A$2:$A$1000),0))} -> 145.06 | F8: =D8-E8 -> -43.94 | H8: ='Team Summaries'!J9 -> I'm At My Limit | I8: =COUNTIFS($B$2:$B$1000,H8,$F$2:$F$1000,">0")+COUNTIFS($C$2:$C$1000,H8,$F$2:$F$1000,"<0") -> 1 | J8: =COUNTIFS($B$2:$B$1000,H8,$F$2:$F$1000,"<0")+COUNTIFS($C$2:$C$1000,H8,$F$2:$F$1000,">0") -> 2 | L8: =L7+1 -> 6 | M8: The Strib Club | N8: =VLOOKUP(Table2[[#This Row],[Team]],$H$2:$J$15,2,FALSE) -> 1 | O8: =VLOOKUP(Table2[[#This Row],[Team]],$H$2:$J$15,3,FALSE) -> 2 | P8: =N8/SUM(N8,O8) -> 0.33333333 | R8: =R7+1 -> 6 | S8: Jungle Drummer | T8: =VLOOKUP(Table3[[#This Row],[Team]],$H$2:$J$15,2,FALSE) -> 1 | U8: =VLOOKUP(Table3[[#This Row],[Team]],$H$2:$J$15,3,FALSE) -> 2 | V8: =T8/SUM(T8,U8) -> 0.33333333
A9: =A2+1 -> 2 | B9: Please Let Me Win IDK what 2 do | C9: Shough and pray | D9: {=INDEX('Team Summaries'!$C$2:$C$1000,MATCH(1,('Weekly Ideal Results'!$A9='Team Summaries'!$B$2:$B$1000)*('Weekly Ideal Results'!B9='Team Summaries'!$A$2:$A$1000),0))} -> 126.5 | E9: {=INDEX('Team Summaries'!$C$2:$C$1000,MATCH(1,('Weekly Ideal Results'!$A9='Team Summaries'!$B$2:$B$1000)*('Weekly Ideal Results'!C9='Team Summaries'!$A$2:$A$1000),0))} -> 135.18 | F9: =D9-E9 -> -8.68 | H9: ='Team Summaries'!J10 -> Puka bit my finger | I9: =COUNTIFS($B$2:$B$1000,H9,$F$2:$F$1000,">0")+COUNTIFS($C$2:$C$1000,H9,$F$2:$F$1000,"<0") -> 2 | J9: =COUNTIFS($B$2:$B$1000,H9,$F$2:$F$1000,"<0")+COUNTIFS($C$2:$C$1000,H9,$F$2:$F$1000,">0") -> 1 | L9: =L8+1 -> 7 | M9: pretty good team | N9: =VLOOKUP(Table2[[#This Row],[Team]],$H$2:$J$15,2,FALSE) -> 0 | O9: =VLOOKUP(Table2[[#This Row],[Team]],$H$2:$J$15,3,FALSE) -> 3 | P9: =N9/SUM(N9,O9) -> 0 | R9: =R8+1 -> 7 | S9: the medical tent apparently | T9: =VLOOKUP(Table3[[#This Row],[Team]],$H$2:$J$15,2,FALSE) -> 0 | U9: =VLOOKUP(Table3[[#This Row],[Team]],$H$2:$J$15,3,FALSE) -> 3 | V9: =T9/SUM(T9,U9) -> 0
A10: =A3+1 -> 2 | B10: Coach Carlt | C10: Puka bit my finger | D10: {=INDEX('Team Summaries'!$C$2:$C$1000,MATCH(1,('Weekly Ideal Results'!$A10='Team Summaries'!$B$2:$B$1000)*('Weekly Ideal Results'!B10='Team Summaries'!$A$2:$A$1000),0))} -> 108.22 | E10: {=INDEX('Team Summaries'!$C$2:$C$1000,MATCH(1,('Weekly Ideal Results'!$A10='Team Summaries'!$B$2:$B$1000)*('Weekly Ideal Results'!C10='Team Summaries'!$A$2:$A$1000),0))} -> 99.98 | F10: =D10-E10 -> 8.24 | H10: ='Team Summaries'!J11 -> Lemieuse-bouche sais quoi | I10: =COUNTIFS($B$2:$B$1000,H10,$F$2:$F$1000,">0")+COUNTIFS($C$2:$C$1000,H10,$F$2:$F$1000,"<0") -> 2 | J10: =COUNTIFS($B$2:$B$1000,H10,$F$2:$F$1000,"<0")+COUNTIFS($C$2:$C$1000,H10,$F$2:$F$1000,">0") -> 1
A11: =A4+1 -> 2 | B11: Picken Dis Nose | C11: the medical tent apparently | D11: {=INDEX('Team Summaries'!$C$2:$C$1000,MATCH(1,('Weekly Ideal Results'!$A11='Team Summaries'!$B$2:$B$1000)*('Weekly Ideal Results'!B11='Team Summaries'!$A$2:$A$1000),0))} -> 133.38 | E11: {=INDEX('Team Summaries'!$C$2:$C$1000,MATCH(1,('Weekly Ideal Results'!$A11='Team Summaries'!$B$2:$B$1000)*('Weekly Ideal Results'!C11='Team Summaries'!$A$2:$A$1000),0))} -> 120.26 | F11: =D11-E11 -> 13.12 | H11: ='Team Summaries'!J12 -> the medical tent apparently | I11: =COUNTIFS($B$2:$B$1000,H11,$F$2:$F$1000,">0")+COUNTIFS($C$2:$C$1000,H11,$F$2:$F$1000,"<0") -> 0 | J11: =COUNTIFS($B$2:$B$1000,H11,$F$2:$F$1000,"<0")+COUNTIFS($C$2:$C$1000,H11,$F$2:$F$1000,">0") -> 3
A12: =A5+1 -> 2 | B12: The Strib Club | C12: pretty good team | D12: {=INDEX('Team Summaries'!$C$2:$C$1000,MATCH(1,('Weekly Ideal Results'!$A12='Team Summaries'!$B$2:$B$1000)*('Weekly Ideal Results'!B12='Team Summaries'!$A$2:$A$1000),0))} -> 127.22 | E12: {=INDEX('Team Summaries'!$C$2:$C$1000,MATCH(1,('Weekly Ideal Results'!$A12='Team Summaries'!$B$2:$B$1000)*('Weekly Ideal Results'!C12='Team Summaries'!$A$2:$A$1000),0))} -> 59.16 | F12: =D12-E12 -> 68.06 | H12: ='Team Summaries'!J13 -> your friendly fantasy despot | I12: =COUNTIFS($B$2:$B$1000,H12,$F$2:$F$1000,">0")+COUNTIFS($C$2:$C$1000,H12,$F$2:$F$1000,"<0") -> 2 | J12: =COUNTIFS($B$2:$B$1000,H12,$F$2:$F$1000,"<0")+COUNTIFS($C$2:$C$1000,H12,$F$2:$F$1000,">0") -> 1
A13: =A6+1 -> 2 | B13: Pleading the Fifth Down | C13: Jungle Drummer | D13: {=INDEX('Team Summaries'!$C$2:$C$1000,MATCH(1,('Weekly Ideal Results'!$A13='Team Summaries'!$B$2:$B$1000)*('Weekly Ideal Results'!B13='Team Summaries'!$A$2:$A$1000),0))} -> 122.62 | E13: {=INDEX('Team Summaries'!$C$2:$C$1000,MATCH(1,('Weekly Ideal Results'!$A13='Team Summaries'!$B$2:$B$1000)*('Weekly Ideal Results'!C13='Team Summaries'!$A$2:$A$1000),0))} -> 130.36 | F13: =D13-E13 -> -7.74 | H13: ='Team Summaries'!J14 -> pretty good team | I13: =COUNTIFS($B$2:$B$1000,H13,$F$2:$F$1000,">0")+COUNTIFS($C$2:$C$1000,H13,$F$2:$F$1000,"<0") -> 0 | J13: =COUNTIFS($B$2:$B$1000,H13,$F$2:$F$1000,"<0")+COUNTIFS($C$2:$C$1000,H13,$F$2:$F$1000,">0") -> 3
A14: =A7+1 -> 2 | B14: I'm At My Limit | C14: your friendly fantasy despot | D14: {=INDEX('Team Summaries'!$C$2:$C$1000,MATCH(1,('Weekly Ideal Results'!$A14='Team Summaries'!$B$2:$B$1000)*('Weekly Ideal Results'!B14='Team Summaries'!$A$2:$A$1000),0))} -> 112.68 | E14: {=INDEX('Team Summaries'!$C$2:$C$1000,MATCH(1,('Weekly Ideal Results'!$A14='Team Summaries'!$B$2:$B$1000)*('Weekly Ideal Results'!C14='Team Summaries'!$A$2:$A$1000),0))} -> 131.28 | F14: =D14-E14 -> -18.6 | H14: ='Team Summaries'!J15 -> Juwan's Big Johnson | I14: =COUNTIFS($B$2:$B$1000,H14,$F$2:$F$1000,">0")+COUNTIFS($C$2:$C$1000,H14,$F$2:$F$1000,"<0") -> 2 | J14: =COUNTIFS($B$2:$B$1000,H14,$F$2:$F$1000,"<0")+COUNTIFS($C$2:$C$1000,H14,$F$2:$F$1000,">0") -> 1
A15: =A8+1 -> 2 | B15: Lemieuse-bouche sais quoi | C15: Juwan's Big Johnson | D15: {=INDEX('Team Summaries'!$C$2:$C$1000,MATCH(1,('Weekly Ideal Results'!$A15='Team Summaries'!$B$2:$B$1000)*('Weekly Ideal Results'!B15='Team Summaries'!$A$2:$A$1000),0))} -> 123.92 | E15: {=INDEX('Team Summaries'!$C$2:$C$1000,MATCH(1,('Weekly Ideal Results'!$A15='Team Summaries'!$B$2:$B$1000)*('Weekly Ideal Results'!C15='Team Summaries'!$A$2:$A$1000),0))} -> 101.98 | F15: =D15-E15 -> 21.94 | H15: ='Team Summaries'!J16 -> Jungle Drummer | I15: =COUNTIFS($B$2:$B$1000,H15,$F$2:$F$1000,">0")+COUNTIFS($C$2:$C$1000,H15,$F$2:$F$1000,"<0") -> 1 | J15: =COUNTIFS($B$2:$B$1000,H15,$F$2:$F$1000,"<0")+COUNTIFS($C$2:$C$1000,H15,$F$2:$F$1000,">0") -> 2
A16: =A9+1 -> 3 | B16: the medical tent apparently | C16: Puka bit my finger | D16: {=INDEX('Team Summaries'!$C$2:$C$1000,MATCH(1,('Weekly Ideal Results'!$A16='Team Summaries'!$B$2:$B$1000)*('Weekly Ideal Results'!B16='Team Summaries'!$A$2:$A$1000),0))} -> 95.04 | E16: {=INDEX('Team Summaries'!$C$2:$C$1000,MATCH(1,('Weekly Ideal Results'!$A16='Team Summaries'!$B$2:$B$1000)*('Weekly Ideal Results'!C16='Team Summaries'!$A$2:$A$1000),0))} -> 131.98 | F16: =D16-E16 -> -36.94
A17: =A10+1 -> 3 | B17: pretty good team | C17: Shough and pray | D17: {=INDEX('Team Summaries'!$C$2:$C$1000,MATCH(1,('Weekly Ideal Results'!$A17='Team Summaries'!$B$2:$B$1000)*('Weekly Ideal Results'!B17='Team Summaries'!$A$2:$A$1000),0))} -> 109.48 | E17: {=INDEX('Team Summaries'!$C$2:$C$1000,MATCH(1,('Weekly Ideal Results'!$A17='Team Summaries'!$B$2:$B$1000)*('Weekly Ideal Results'!C17='Team Summaries'!$A$2:$A$1000),0))} -> 132.3 | F17: =D17-E17 -> -22.82
A18: =A11+1 -> 3 | B18: Jungle Drummer | C18: Please Let Me Win IDK what 2 do | D18: {=INDEX('Team Summaries'!$C$2:$C$1000,MATCH(1,('Weekly Ideal Results'!$A18='Team Summaries'!$B$2:$B$1000)*('Weekly Ideal Results'!B18='Team Summaries'!$A$2:$A$1000),0))} -> 123.84 | E18: {=INDEX('Team Summaries'!$C$2:$C$1000,MATCH(1,('Weekly Ideal Results'!$A18='Team Summaries'!$B$2:$B$1000)*('Weekly Ideal Results'!C18='Team Summaries'!$A$2:$A$1000),0))} -> 151.88 | F18: =D18-E18 -> -28.04
A19: =A12+1 -> 3 | B19: your friendly fantasy despot | C19: Coach Carlt | D19: {=INDEX('Team Summaries'!$C$2:$C$1000,MATCH(1,('Weekly Ideal Results'!$A19='Team Summaries'!$B$2:$B$1000)*('Weekly Ideal Results'!B19='Team Summaries'!$A$2:$A$1000),0))} -> 88.18 | E19: {=INDEX('Team Summaries'!$C$2:$C$1000,MATCH(1,('Weekly Ideal Results'!$A19='Team Summaries'!$B$2:$B$1000)*('Weekly Ideal Results'!C19='Team Summaries'!$A$2:$A$1000),0))} -> 93.18 | F19: =D19-E19 -> -5
A20: =A13+1 -> 3 | B20: Juwan's Big Johnson | C20: Picken Dis Nose | D20: {=INDEX('Team Summaries'!$C$2:$C$1000,MATCH(1,('Weekly Ideal Results'!$A20='Team Summaries'!$B$2:$B$1000)*('Weekly Ideal Results'!B20='Team Summaries'!$A$2:$A$1000),0))} -> 141.34 | E20: {=INDEX('Team Summaries'!$C$2:$C$1000,MATCH(1,('Weekly Ideal Results'!$A20='Team Summaries'!$B$2:$B$1000)*('Weekly Ideal Results'!C20='Team Summaries'!$A$2:$A$1000),0))} -> 110.48 | F20: =D20-E20 -> 30.86
A21: =A14+1 -> 3 | B21: I'm At My Limit | C21: The Strib Club | D21: {=INDEX('Team Summaries'!$C$2:$C$1000,MATCH(1,('Weekly Ideal Results'!$A21='Team Summaries'!$B$2:$B$1000)*('Weekly Ideal Results'!B21='Team Summaries'!$A$2:$A$1000),0))} -> 149.16 | E21: {=INDEX('Team Summaries'!$C$2:$C$1000,MATCH(1,('Weekly Ideal Results'!$A21='Team Summaries'!$B$2:$B$1000)*('Weekly Ideal Results'!C21='Team Summaries'!$A$2:$A$1000),0))} -> 97.06 | F21: =D21-E21 -> 52.1
A22: =A15+1 -> 3 | B22: Lemieuse-bouche sais quoi | C22: Pleading the Fifth Down | D22: {=INDEX('Team Summaries'!$C$2:$C$1000,MATCH(1,('Weekly Ideal Results'!$A22='Team Summaries'!$B$2:$B$1000)*('Weekly Ideal Results'!B22='Team Summaries'!$A$2:$A$1000),0))} -> 81.06 | E22: {=INDEX('Team Summaries'!$C$2:$C$1000,MATCH(1,('Weekly Ideal Results'!$A22='Team Summaries'!$B$2:$B$1000)*('Weekly Ideal Results'!C22='Team Summaries'!$A$2:$A$1000),0))} -> 137.64 | F22: =D22-E22 -> -56.58

Sheet Weekly Actual Results
A1: Week | B1: Team 1 | C1: Team 2 | D1: T1 Points | E1: T2 Points | F1: Total Points | G1: Proportion T1 | H1: Proportion T2 | L1: Team | M1: Wins | N1: Losses | P1: East | V1: West
A2: ='Weekly Ideal Results'!A2 -> 1 | B2: ='Weekly Ideal Results'!B2 -> Picken Dis Nose | C2: ='Weekly Ideal Results'!C2 -> Coach Carlt | D2: {=INDEX('Team Summaries'!$D$2:$D$1000,MATCH(1,('Weekly Actual Results'!$A2='Team Summaries'!$B$2:$B$1000)*('Weekly Actual Results'!B2='Team Summaries'!$A$2:$A$1000),0))} -> 82.8 | E2: {=INDEX('Team Summaries'!$D$2:$D$1000,MATCH(1,('Weekly Actual Results'!$A2='Team Summaries'!$B$2:$B$1000)*('Weekly Actual Results'!C2='Team Summaries'!$A$2:$A$1000),0))} -> 128.26 | F2: =D2-E2 -> -45.46 | G2: {=D2/MEDIAN(_xlfn.VSTACK(_xlfn._xlws.FILTER($D$2:$D$1000,$B$2:$B$1000=B2),_xlfn._xlws.FILTER($E$2:$E$1000,$C$2:$C$1000=B2)))} -> 0.91511936 | H2: {=E2/MEDIAN(_xlfn.VSTACK(_xlfn._xlws.FILTER($E$2:$E$1000,$C$2:$C$1000=C2),_xlfn._xlws.FILTER($D$2:$D$1000,$B$2:$B$1000=C2)))} -> 1.2569581 | L2: ='Weekly Ideal Results'!H2 -> Coach Carlt | M2: =COUNTIFS($B$2:$B$1000,L2,$F$2:$F$1000,">0")+COUNTIFS($C$2:$C$1000,L2,$F$2:$F$1000,"<0") -> 3 | N2: =COUNTIFS($B$2:$B$1000,L2,$F$2:$F$1000,"<0")+COUNTIFS($C$2:$C$1000,L2,$F$2:$F$1000,">0") -> 0 | P2: Rank | Q2: Team | R2: W | S2: L | T2: PCT | V2: Rank | W2: Team | X2: W | Y2: L | Z2: PCT
A3: ='Weekly Ideal Results'!A3 -> 1 | B3: ='Weekly Ideal Results'!B3 -> Shough and pray | C3: ='Weekly Ideal Results'!C3 -> The Strib Club | D3: {=INDEX('Team Summaries'!$D$2:$D$1000,MATCH(1,('Weekly Actual Results'!$A3='Team Summaries'!$B$2:$B$1000)*('Weekly Actual Results'!B3='Team Summaries'!$A$2:$A$1000),0))} -> 151.6 | E3: {=INDEX('Team Summaries'!$D$2:$D$1000,MATCH(1,('Weekly Actual Results'!$A3='Team Summaries'!$B$2:$B$1000)*('Weekly Actual Results'!C3='Team Summaries'!$A$2:$A$1000),0))} -> 88.46 | F3: =D3-E3 -> 63.14 | G3: {=D3/MEDIAN(_xlfn.VSTACK(_xlfn._xlws.FILTER($D$2:$D$1000,$B$2:$B$1000=B3),_xlfn._xlws.FILTER($E$2:$E$1000,$C$2:$C$1000=B3)))} -> 1.1214677 | H3: {=E3/MEDIAN(_xlfn.VSTACK(_xlfn._xlws.FILTER($E$2:$E$1000,$C$2:$C$1000=C3),_xlfn._xlws.FILTER($D$2:$D$1000,$B$2:$B$1000=C3)))} -> 1 | L3: ='Weekly Ideal Results'!H3 -> Picken Dis Nose | M3: =COUNTIFS($B$2:$B$1000,L3,$F$2:$F$1000,">0")+COUNTIFS($C$2:$C$1000,L3,$F$2:$F$1000,"<0") -> 1 | N3: =COUNTIFS($B$2:$B$1000,L3,$F$2:$F$1000,"<0")+COUNTIFS($C$2:$C$1000,L3,$F$2:$F$1000,">0") -> 2 | P3: 1 | Q3: Shough and pray | R3: =VLOOKUP(Table26[[#This Row],[Team]],$L$2:$N$15,2,FALSE) -> 3 | S3: =VLOOKUP(Table26[[#This Row],[Team]],$L$2:$N$15,3,FALSE) -> 0 | T3: =R3/SUM(R3,S3) -> 1 | V3: 1 | W3: Pleading the Fifth Down | X3: =VLOOKUP(Table37[[#This Row],[Team]],$L$2:$N$15,2,FALSE) -> 2 | Y3: =VLOOKUP(Table37[[#This Row],[Team]],$L$2:$N$15,3,FALSE) -> 1 | Z3: =X3/SUM(X3,Y3) -> 0.66666667
A4: ='Weekly Ideal Results'!A4 -> 1 | B4: ='Weekly Ideal Results'!B4 -> Please Let Me Win IDK what 2 do | C4: ='Weekly Ideal Results'!C4 -> Pleading the Fifth Down | D4: {=INDEX('Team Summaries'!$D$2:$D$1000,MATCH(1,('Weekly Actual Results'!$A4='Team Summaries'!$B$2:$B$1000)*('Weekly Actual Results'!B4='Team Summaries'!$A$2:$A$1000),0))} -> 144.5 | E4: {=INDEX('Team Summaries'!$D$2:$D$1000,MATCH(1,('Weekly Actual Results'!$A4='Team Summaries'!$B$2:$B$1000)*('Weekly Actual Results'!C4='Team Summaries'!$A$2:$A$1000),0))} -> 136.64 | F4: =D4-E4 -> 7.86 | G4: {=D4/MEDIAN(_xlfn.VSTACK(_xlfn._xlws.FILTER($D$2:$D$1000,$B$2:$B$1000=B4),_xlfn._xlws.FILTER($E$2:$E$1000,$C$2:$C$1000=B4)))} -> 1 | H4: {=E4/MEDIAN(_xlfn.VSTACK(_xlfn._xlws.FILTER($E$2:$E$1000,$C$2:$C$1000=C4),_xlfn._xlws.FILTER($D$2:$D$1000,$B$2:$B$1000=C4)))} -> 1.2152259 | L4: ='Weekly Ideal Results'!H4 -> The Strib Club | M4: =COUNTIFS($B$2:$B$1000,L4,$F$2:$F$1000,">0")+COUNTIFS($C$2:$C$1000,L4,$F$2:$F$1000,"<0") -> 1 | N4: =COUNTIFS($B$2:$B$1000,L4,$F$2:$F$1000,"<0")+COUNTIFS($C$2:$C$1000,L4,$F$2:$F$1000,">0") -> 2 | P4: =P3+1 -> 2 | Q4: Coach Carlt | R4: =VLOOKUP(Table26[[#This Row],[Team]],$L$2:$N$15,2,FALSE) -> 3 | S4: =VLOOKUP(Table26[[#This Row],[Team]],$L$2:$N$15,3,FALSE) -> 0 | T4: =R4/SUM(R4,S4) -> 1 | V4: =V3+1 -> 2 | W4: Juwan's Big Johnson | X4: =VLOOKUP(Table37[[#This Row],[Team]],$L$2:$N$15,2,FALSE) -> 2 | Y4: =VLOOKUP(Table37[[#This Row],[Team]],$L$2:$N$15,3,FALSE) -> 1 | Z4: =X4/SUM(X4,Y4) -> 0.66666667
A5: ='Weekly Ideal Results'!A5 -> 1 | B5: ='Weekly Ideal Results'!B5 -> Puka bit my finger | C5: ='Weekly Ideal Results'!C5 -> I'm At My Limit | D5: {=INDEX('Team Summaries'!$D$2:$D$1000,MATCH(1,('Weekly Actual Results'!$A5='Team Summaries'!$B$2:$B$1000)*('Weekly Actual Results'!B5='Team Summaries'!$A$2:$A$1000),0))} -> 80.56 | E5: {=INDEX('Team Summaries'!$D$2:$D$1000,MATCH(1,('Weekly Actual Results'!$A5='Team Summaries'!$B$2:$B$1000)*('Weekly Actual Results'!C5='Team Summaries'!$A$2:$A$1000),0))} -> 111 | F5: =D5-E5 -> -30.44 | G5: {=D5/MEDIAN(_xlfn.VSTACK(_xlfn._xlws.FILTER($D$2:$D$1000,$B$2:$B$1000=B5),_xlfn._xlws.FILTER($E$2:$E$1000,$C$2:$C$1000=B5)))} -> 1 | H5: {=E5/MEDIAN(_xlfn.VSTACK(_xlfn._xlws.FILTER($E$2:$E$1000,$C$2:$C$1000=C5),_xlfn._xlws.FILTER($D$2:$D$1000,$B$2:$B$1000=C5)))} -> 1 | L5: ='Weekly Ideal Results'!H5 -> Shough and pray | M5: =COUNTIFS($B$2:$B$1000,L5,$F$2:$F$1000,">0")+COUNTIFS($C$2:$C$1000,L5,$F$2:$F$1000,"<0") -> 3 | N5: =COUNTIFS($B$2:$B$1000,L5,$F$2:$F$1000,"<0")+COUNTIFS($C$2:$C$1000,L5,$F$2:$F$1000,">0") -> 0 | P5: =P4+1 -> 3 | Q5: your friendly fantasy despot | R5: =VLOOKUP(Table26[[#This Row],[Team]],$L$2:$N$15,2,FALSE) -> 2 | S5: =VLOOKUP(Table26[[#This Row],[Team]],$L$2:$N$15,3,FALSE) -> 1 | T5: =R5/SUM(R5,S5) -> 0.66666667 | V5: =V4+1 -> 3 | W5: Lemieuse-bouche sais quoi | X5: =VLOOKUP(Table37[[#This Row],[Team]],$L$2:$N$15,2,FALSE) -> 2 | Y5: =VLOOKUP(Table37[[#This Row],[Team]],$L$2:$N$15,3,FALSE) -> 1 | Z5: =X5/SUM(X5,Y5) -> 0.66666667
A6: ='Weekly Ideal Results'!A6 -> 1 | B6: ='Weekly Ideal Results'!B6 -> the medical tent apparently | C6: ='Weekly Ideal Results'!C6 -> Lemieuse-bouche sais quoi | D6: {=INDEX('Team Summaries'!$D$2:$D$1000,MATCH(1,('Weekly Actual Results'!$A6='Team Summaries'!$B$2:$B$1000)*('Weekly Actual Results'!B6='Team Summaries'!$A$2:$A$1000),0))} -> 87.26 | E6: {=INDEX('Team Summaries'!$D$2:$D$1000,MATCH(1,('Weekly Actual Results'!$A6='Team Summaries'!$B$2:$B$1000)*('Weekly Actual Results'!C6='Team Summaries'!$A$2:$A$1000),0))} -> 122.52 | F6: =D6-E6 -> -35.26 | G6: {=D6/MEDIAN(_xlfn.VSTACK(_xlfn._xlws.FILTER($D$2:$D$1000,$B$2:$B$1000=B6),_xlfn._xlws.FILTER($E$2:$E$1000,$C$2:$C$1000=B6)))} -> 0.94539545 | H6: {=E6/MEDIAN(_xlfn.VSTACK(_xlfn._xlws.FILTER($E$2:$E$1000,$C$2:$C$1000=C6),_xlfn._xlws.FILTER($D$2:$D$1000,$B$2:$B$1000=C6)))} -> 1.047896 | L6: ='Weekly Ideal Results'!H6 -> Pleading the Fifth Down | M6: =COUNTIFS($B$2:$B$1000,L6,$F$2:$F$1000,">0")+COUNTIFS($C$2:$C$1000,L6,$F$2:$F$1000,"<0") -> 2 | N6: =COUNTIFS($B$2:$B$1000,L6,$F$2:$F$1000,"<0")+COUNTIFS($C$2:$C$1000,L6,$F$2:$F$1000,">0") -> 1 | P6: =P5+1 -> 4 | Q6: I'm At My Limit | R6: =VLOOKUP(Table26[[#This Row],[Team]],$L$2:$N$15,2,FALSE) -> 2 | S6: =VLOOKUP(Table26[[#This Row],[Team]],$L$2:$N$15,3,FALSE) -> 1 | T6: =R6/SUM(R6,S6) -> 0.66666667 | V6: =V5+1 -> 4 | W6: Please Let Me Win IDK what 2 do | X6: =VLOOKUP(Table37[[#This Row],[Team]],$L$2:$N$15,2,FALSE) -> 2 | Y6: =VLOOKUP(Table37[[#This Row],[Team]],$L$2:$N$15,3,FALSE) -> 1 | Z6: =X6/SUM(X6,Y6) -> 0.66666667
A7: ='Weekly Ideal Results'!A7 -> 1 | B7: ='Weekly Ideal Results'!B7 -> pretty good team | C7: ='Weekly Ideal Results'!C7 -> your friendly fantasy despot | D7: {=INDEX('Team Summaries'!$D$2:$D$1000,MATCH(1,('Weekly Actual Results'!$A7='Team Summaries'!$B$2:$B$1000)*('Weekly Actual Results'!B7='Team Summaries'!$A$2:$A$1000),0))} -> 110.4 | E7: {=INDEX('Team Summaries'!$D$2:$D$1000,MATCH(1,('Weekly Actual Results'!$A7='Team Summaries'!$B$2:$B$1000)*('Weekly Actual Results'!C7='Team Summaries'!$A$2:$A$1000),0))} -> 137.48 | F7: =D7-E7 -> -27.08 | G7: {=D7/MEDIAN(_xlfn.VSTACK(_xlfn._xlws.FILTER($D$2:$D$1000,$B$2:$B$1000=B7),_xlfn._xlws.FILTER($E$2:$E$1000,$C$2:$C$1000=B7)))} -> 1.0281244 | H7: {=E7/MEDIAN(_xlfn.VSTACK(_xlfn._xlws.FILTER($E$2:$E$1000,$C$2:$C$1000=C7),_xlfn._xlws.FILTER($D$2:$D$1000,$B$2:$B$1000=C7)))} -> 1.0472273 | L7: ='Weekly Ideal Results'!H7 -> Please Let Me Win IDK what 2 do | M7: =COUNTIFS($B$2:$B$1000,L7,$F$2:$F$1000,">0")+COUNTIFS($C$2:$C$1000,L7,$F$2:$F$1000,"<0") -> 2 | N7: =COUNTIFS($B$2:$B$1000,L7,$F$2:$F$1000,"<0")+COUNTIFS($C$2:$C$1000,L7,$F$2:$F$1000,">0") -> 1 | P7: =P6+1 -> 5 | Q7: Puka bit my finger | R7: =VLOOKUP(Table26[[#This Row],[Team]],$L$2:$N$15,2,FALSE) -> 1 | S7: =VLOOKUP(Table26[[#This Row],[Team]],$L$2:$N$15,3,FALSE) -> 2 | T7: =R7/SUM(R7,S7) -> 0.33333333 | V7: =V6+1 -> 5 | W7: Picken Dis Nose | X7: =VLOOKUP(Table37[[#This Row],[Team]],$L$2:$N$15,2,FALSE) -> 1 | Y7: =VLOOKUP(Table37[[#This Row],[Team]],$L$2:$N$15,3,FALSE) -> 2 | Z7: =X7/SUM(X7,Y7) -> 0.33333333
A8: ='Weekly Ideal Results'!A8 -> 1 | B8: ='Weekly Ideal Results'!B8 -> Jungle Drummer | C8: ='Weekly Ideal Results'!C8 -> Juwan's Big Johnson | D8: {=INDEX('Team Summaries'!$D$2:$D$1000,MATCH(1,('Weekly Actual Results'!$A8='Team Summaries'!$B$2:$B$1000)*('Weekly Actual Results'!B8='Team Summaries'!$A$2:$A$1000),0))} -> 90.82 | E8: {=INDEX('Team Summaries'!$D$2:$D$1000,MATCH(1,('Weekly Actual Results'!$A8='Team Summaries'!$B$2:$B$1000)*('Weekly Actual Results'!C8='Team Summaries'!$A$2:$A$1000),0))} -> 144.16 | F8: =D8-E8 -> -53.34 | G8: {=D8/MEDIAN(_xlfn.VSTACK(_xlfn._xlws.FILTER($D$2:$D$1000,$B$2:$B$1000=B8),_xlfn._xlws.FILTER($E$2:$E$1000,$C$2:$C$1000=B8)))} -> 0.840459 | H8: {=E8/MEDIAN(_xlfn.VSTACK(_xlfn._xlws.FILTER($E$2:$E$1000,$C$2:$C$1000=C8),_xlfn._xlws.FILTER($D$2:$D$1000,$B$2:$B$1000=C8)))} -> 1.2296145 | L8: ='Weekly Ideal Results'!H8 -> I'm At My Limit | M8: =COUNTIFS($B$2:$B$1000,L8,$F$2:$F$1000,">0")+COUNTIFS($C$2:$C$1000,L8,$F$2:$F$1000,"<0") -> 2 | N8: =COUNTIFS($B$2:$B$1000,L8,$F$2:$F$1000,"<0")+COUNTIFS($C$2:$C$1000,L8,$F$2:$F$1000,">0") -> 1 | P8: =P7+1 -> 6 | Q8: The Strib Club | R8: =VLOOKUP(Table26[[#This Row],[Team]],$L$2:$N$15,2,FALSE) -> 1 | S8: =VLOOKUP(Table26[[#This Row],[Team]],$L$2:$N$15,3,FALSE) -> 2 | T8: =R8/SUM(R8,S8) -> 0.33333333 | V8: =V7+1 -> 6 | W8: Jungle Drummer | X8: =VLOOKUP(Table37[[#This Row],[Team]],$L$2:$N$15,2,FALSE) -> 0 | Y8: =VLOOKUP(Table37[[#This Row],[Team]],$L$2:$N$15,3,FALSE) -> 3 | Z8: =X8/SUM(X8,Y8) -> 0
A9: ='Weekly Ideal Results'!A9 -> 2 | B9: ='Weekly Ideal Results'!B9 -> Please Let Me Win IDK what 2 do | C9: ='Weekly Ideal Results'!C9 -> Shough and pray | D9: {=INDEX('Team Summaries'!$D$2:$D$1000,MATCH(1,('Weekly Actual Results'!$A9='Team Summaries'!$B$2:$B$1000)*('Weekly Actual Results'!B9='Team Summaries'!$A$2:$A$1000),0))} -> 113.1 | E9: {=INDEX('Team Summaries'!$D$2:$D$1000,MATCH(1,('Weekly Actual Results'!$A9='Team Summaries'!$B$2:$B$1000)*('Weekly Actual Results'!C9='Team Summaries'!$A$2:$A$1000),0))} -> 135.18 | F9: =D9-E9 -> -22.08 | G9: {=D9/MEDIAN(_xlfn.VSTACK(_xlfn._xlws.FILTER($D$2:$D$1000,$B$2:$B$1000=B9),_xlfn._xlws.FILTER($E$2:$E$1000,$C$2:$C$1000=B9)))} -> 0.78269896 | H9: {=E9/MEDIAN(_xlfn.VSTACK(_xlfn._xlws.FILTER($E$2:$E$1000,$C$2:$C$1000=C9),_xlfn._xlws.FILTER($D$2:$D$1000,$B$2:$B$1000=C9)))} -> 1 | L9: ='Weekly Ideal Results'!H9 -> Puka bit my finger | M9: =COUNTIFS($B$2:$B$1000,L9,$F$2:$F$1000,">0")+COUNTIFS($C$2:$C$1000,L9,$F$2:$F$1000,"<0") -> 1 | N9: =COUNTIFS($B$2:$B$1000,L9,$F$2:$F$1000,"<0")+COUNTIFS($C$2:$C$1000,L9,$F$2:$F$1000,">0") -> 2 | P9: =P8+1 -> 7 | Q9: pretty good team | R9: =VLOOKUP(Table26[[#This Row],[Team]],$L$2:$N$15,2,FALSE) -> 0 | S9: =VLOOKUP(Table26[[#This Row],[Team]],$L$2:$N$15,3,FALSE) -> 3 | T9: =R9/SUM(R9,S9) -> 0 | V9: =V8+1 -> 7 | W9: the medical tent apparently | X9: =VLOOKUP(Table37[[#This Row],[Team]],$L$2:$N$15,2,FALSE) -> 0 | Y9: =VLOOKUP(Table37[[#This Row],[Team]],$L$2:$N$15,3,FALSE) -> 3 | Z9: =X9/SUM(X9,Y9) -> 0
A10: ='Weekly Ideal Results'!A10 -> 2 | B10: ='Weekly Ideal Results'!B10 -> Coach Carlt | C10: ='Weekly Ideal Results'!C10 -> Puka bit my finger | D10: {=INDEX('Team Summaries'!$D$2:$D$1000,MATCH(1,('Weekly Actual Results'!$A10='Team Summaries'!$B$2:$B$1000)*('Weekly Actual Results'!B10='Team Summaries'!$A$2:$A$1000),0))} -> 102.04 | E10: {=INDEX('Team Summaries'!$D$2:$D$1000,MATCH(1,('Weekly Actual Results'!$A10='Team Summaries'!$B$2:$B$1000)*('Weekly Actual Results'!C10='Team Summaries'!$A$2:$A$1000),0))} -> 79.58 | F10: =D10-E10 -> 22.46 | G10: {=D10/MEDIAN(_xlfn.VSTACK(_xlfn._xlws.FILTER($D$2:$D$1000,$B$2:$B$1000=B10),_xlfn._xlws.FILTER($E$2:$E$1000,$C$2:$C$1000=B10)))} -> 1 | H10: {=E10/MEDIAN(_xlfn.VSTACK(_xlfn._xlws.FILTER($E$2:$E$1000,$C$2:$C$1000=C10),_xlfn._xlws.FILTER($D$2:$D$1000,$B$2:$B$1000=C10)))} -> 0.98783515 | L10: ='Weekly Ideal Results'!H10 -> Lemieuse-bouche sais quoi | M10: =COUNTIFS($B$2:$B$1000,L10,$F$2:$F$1000,">0")+COUNTIFS($C$2:$C$1000,L10,$F$2:$F$1000,"<0") -> 2 | N10: =COUNTIFS($B$2:$B$1000,L10,$F$2:$F$1000,"<0")+COUNTIFS($C$2:$C$1000,L10,$F$2:$F$1000,">0") -> 1
A11: ='Weekly Ideal Results'!A11 -> 2 | B11: ='Weekly Ideal Results'!B11 -> Picken Dis Nose | C11: ='Weekly Ideal Results'!C11 -> the medical tent apparently | D11: {=INDEX('Team Summaries'!$D$2:$D$1000,MATCH(1,('Weekly Actual Results'!$A11='Team Summaries'!$B$2:$B$1000)*('Weekly Actual Results'!B11='Team Summaries'!$A$2:$A$1000),0))} -> 120.88 | E11: {=INDEX('Team Summaries'!$D$2:$D$1000,MATCH(1,('Weekly Actual Results'!$A11='Team Summaries'!$B$2:$B$1000)*('Weekly Actual Results'!C11='Team Summaries'!$A$2:$A$1000),0))} -> 92.3 | F11: =D11-E11 -> 28.58 | G11: {=D11/MEDIAN(_xlfn.VSTACK(_xlfn._xlws.FILTER($D$2:$D$1000,$B$2:$B$1000=B11),_xlfn._xlws.FILTER($E$2:$E$1000,$C$2:$C$1000=B11)))} -> 1.3359859 | H11: {=E11/MEDIAN(_xlfn.VSTACK(_xlfn._xlws.FILTER($E$2:$E$1000,$C$2:$C$1000=C11),_xlfn._xlws.FILTER($D$2:$D$1000,$B$2:$B$1000=C11)))} -> 1 | L11: ='Weekly Ideal Results'!H11 -> the medical tent apparently | M11: =COUNTIFS($B$2:$B$1000,L11,$F$2:$F$1000,">0")+COUNTIFS($C$2:$C$1000,L11,$F$2:$F$1000,"<0") -> 0 | N11: =COUNTIFS($B$2:$B$1000,L11,$F$2:$F$1000,"<0")+COUNTIFS($C$2:$C$1000,L11,$F$2:$F$1000,">0") -> 3
A12: ='Weekly Ideal Results'!A12 -> 2 | B12: ='Weekly Ideal Results'!B12 -> The Strib Club | C12: ='Weekly Ideal Results'!C12 -> pretty good team | D12: {=INDEX('Team Summaries'!$D$2:$D$1000,MATCH(1,('Weekly Actual Results'!$A12='Team Summaries'!$B$2:$B$1000)*('Weekly Actual Results'!B12='Team Summaries'!$A$2:$A$1000),0))} -> 110.82 | E12: {=INDEX('Team Summaries'!$D$2:$D$1000,MATCH(1,('Weekly Actual Results'!$A12='Team Summaries'!$B$2:$B$1000)*('Weekly Actual Results'!C12='Team Summaries'!$A$2:$A$1000),0))} -> 56.16 | F12: =D12-E12 -> 54.66 | G12: {=D12/MEDIAN(_xlfn.VSTACK(_xlfn._xlws.FILTER($D$2:$D$1000,$B$2:$B$1000=B12),_xlfn._xlws.FILTER($E$2:$E$1000,$C$2:$C$1000=B12)))} -> 1.2527696 | H12: {=E12/MEDIAN(_xlfn.VSTACK(_xlfn._xlws.FILTER($E$2:$E$1000,$C$2:$C$1000=C12),_xlfn._xlws.FILTER($D$2:$D$1000,$B$2:$B$1000=C12)))} -> 0.52300242 | L12: ='Weekly Ideal Results'!H12 -> your friendly fantasy despot | M12: =COUNTIFS($B$2:$B$1000,L12,$F$2:$F$1000,">0")+COUNTIFS($C$2:$C$1000,L12,$F$2:$F$1000,"<0") -> 2 | N12: =COUNTIFS($B$2:$B$1000,L12,$F$2:$F$1000,"<0")+COUNTIFS($C$2:$C$1000,L12,$F$2:$F$1000,">0") -> 1
A13: ='Weekly Ideal Results'!A13 -> 2 | B13: ='Weekly Ideal Results'!B13 -> Pleading the Fifth Down | C13: ='Weekly Ideal Results'!C13 -> Jungle Drummer | D13: {=INDEX('Team Summaries'!$D$2:$D$1000,MATCH(1,('Weekly Actual Results'!$A13='Team Summaries'!$B$2:$B$1000)*('Weekly Actual Results'!B13='Team Summaries'!$A$2:$A$1000),0))} -> 110.52 | E13: {=INDEX('Team Summaries'!$D$2:$D$1000,MATCH(1,('Weekly Actual Results'!$A13='Team Summaries'!$B$2:$B$1000)*('Weekly Actual Results'!C13='Team Summaries'!$A$2:$A$1000),0))} -> 108.06 | F13: =D13-E13 -> 2.46 | G13: {=D13/MEDIAN(_xlfn.VSTACK(_xlfn._xlws.FILTER($D$2:$D$1000,$B$2:$B$1000=B13),_xlfn._xlws.FILTER($E$2:$E$1000,$C$2:$C$1000=B13)))} -> 0.98292423 | H13: {=E13/MEDIAN(_xlfn.VSTACK(_xlfn._xlws.FILTER($E$2:$E$1000,$C$2:$C$1000=C13),_xlfn._xlws.FILTER($D$2:$D$1000,$B$2:$B$1000=C13)))} -> 1 | L13: ='Weekly Ideal Results'!H13 -> pretty good team | M13: =COUNTIFS($B$2:$B$1000,L13,$F$2:$F$1000,">0")+COUNTIFS($C$2:$C$1000,L13,$F$2:$F$1000,"<0") -> 0 | N13: =COUNTIFS($B$2:$B$1000,L13,$F$2:$F$1000,"<0")+COUNTIFS($C$2:$C$1000,L13,$F$2:$F$1000,">0") -> 3
A14: ='Weekly Ideal Results'!A14 -> 2 | B14: ='Weekly Ideal Results'!B14 -> I'm At My Limit | C14: ='Weekly Ideal Results'!C14 -> your friendly fantasy despot | D14: {=INDEX('Team Summaries'!$D$2:$D$1000,MATCH(1,('Weekly Actual Results'!$A14='Team Summaries'!$B$2:$B$1000)*('Weekly Actual Results'!B14='Team Summaries'!$A$2:$A$1000),0))} -> 95.78 | E14: {=INDEX('Team Summaries'!$D$2:$D$1000,MATCH(1,('Weekly Actual Results'!$A14='Team Summaries'!$B$2:$B$1000)*('Weekly Actual Results'!C14='Team Summaries'!$A$2:$A$1000),0))} -> 131.28 | F14: =D14-E14 -> -35.5 | G14: {=D14/MEDIAN(_xlfn.VSTACK(_xlfn._xlws.FILTER($D$2:$D$1000,$B$2:$B$1000=B14),_xlfn._xlws.FILTER($E$2:$E$1000,$C$2:$C$1000=B14)))} -> 0.86288288 | H14: {=E14/MEDIAN(_xlfn.VSTACK(_xlfn._xlws.FILTER($E$2:$E$1000,$C$2:$C$1000=C14),_xlfn._xlws.FILTER($D$2:$D$1000,$B$2:$B$1000=C14)))} -> 1 | L14: ='Weekly Ideal Results'!H14 -> Juwan's Big Johnson | M14: =COUNTIFS($B$2:$B$1000,L14,$F$2:$F$1000,">0")+COUNTIFS($C$2:$C$1000,L14,$F$2:$F$1000,"<0") -> 2 | N14: =COUNTIFS($B$2:$B$1000,L14,$F$2:$F$1000,"<0")+COUNTIFS($C$2:$C$1000,L14,$F$2:$F$1000,">0") -> 1
A15: ='Weekly Ideal Results'!A15 -> 2 | B15: ='Weekly Ideal Results'!B15 -> Lemieuse-bouche sais quoi | C15: ='Weekly Ideal Results'!C15 -> Juwan's Big Johnson | D15: {=INDEX('Team Summaries'!$D$2:$D$1000,MATCH(1,('Weekly Actual Results'!$A15='Team Summaries'!$B$2:$B$1000)*('Weekly Actual Results'!B15='Team Summaries'!$A$2:$A$1000),0))} -> 116.92 | E15: {=INDEX('Team Summaries'!$D$2:$D$1000,MATCH(1,('Weekly Actual Results'!$A15='Team Summaries'!$B$2:$B$1000)*('Weekly Actual Results'!C15='Team Summaries'!$A$2:$A$1000),0))} -> 92.62 | F15: =D15-E15 -> 24.3 | G15: {=D15/MEDIAN(_xlfn.VSTACK(_xlfn._xlws.FILTER($D$2:$D$1000,$B$2:$B$1000=B15),_xlfn._xlws.FILTER($E$2:$E$1000,$C$2:$C$1000=B15)))} -> 1 | H15: {=E15/MEDIAN(_xlfn.VSTACK(_xlfn._xlws.FILTER($E$2:$E$1000,$C$2:$C$1000=C15),_xlfn._xlws.FILTER($D$2:$D$1000,$B$2:$B$1000=C15)))} -> 0.79000341 | L15: ='Weekly Ideal Results'!H15 -> Jungle Drummer | M15: =COUNTIFS($B$2:$B$1000,L15,$F$2:$F$1000,">0")+COUNTIFS($C$2:$C$1000,L15,$F$2:$F$1000,"<0") -> 0 | N15: =COUNTIFS($B$2:$B$1000,L15,$F$2:$F$1000,"<0")+COUNTIFS($C$2:$C$1000,L15,$F$2:$F$1000,">0") -> 3
A16: ='Weekly Ideal Results'!A16 -> 3 | B16: ='Weekly Ideal Results'!B16 -> the medical tent apparently | C16: ='Weekly Ideal Results'!C16 -> Puka bit my finger | D16: {=INDEX('Team Summaries'!$D$2:$D$1000,MATCH(1,('Weekly Actual Results'!$A16='Team Summaries'!$B$2:$B$1000)*('Weekly Actual Results'!B16='Team Summaries'!$A$2:$A$1000),0))} -> 94.84 | E16: {=INDEX('Team Summaries'!$D$2:$D$1000,MATCH(1,('Weekly Actual Results'!$A16='Team Summaries'!$B$2:$B$1000)*('Weekly Actual Results'!C16='Team Summaries'!$A$2:$A$1000),0))} -> 129.28 | F16: =D16-E16 -> -34.44 | G16: {=D16/MEDIAN(_xlfn.VSTACK(_xlfn._xlws.FILTER($D$2:$D$1000,$B$2:$B$1000=B16),_xlfn._xlws.FILTER($E$2:$E$1000,$C$2:$C$1000=B16)))} -> 1.027519 | H16: {=E16/MEDIAN(_xlfn.VSTACK(_xlfn._xlws.FILTER($E$2:$E$1000,$C$2:$C$1000=C16),_xlfn._xlws.FILTER($D$2:$D$1000,$B$2:$B$1000=C16)))} -> 1.6047666
A17: ='Weekly Ideal Results'!A17 -> 3 | B17: ='Weekly Ideal Results'!B17 -> pretty good team | C17: ='Weekly Ideal Results'!C17 -> Shough and pray | D17: {=INDEX('Team Summaries'!$D$2:$D$1000,MATCH(1,('Weekly Actual Results'!$A17='Team Summaries'!$B$2:$B$1000)*('Weekly Actual Results'!B17='Team Summaries'!$A$2:$A$1000),0))} -> 107.38 | E17: {=INDEX('Team Summaries'!$D$2:$D$1000,MATCH(1,('Weekly Actual Results'!$A17='Team Summaries'!$B$2:$B$1000)*('Weekly Actual Results'!C17='Team Summaries'!$A$2:$A$1000),0))} -> 130.4 | F17: =D17-E17 -> -23.02 | G17: {=D17/MEDIAN(_xlfn.VSTACK(_xlfn._xlws.FILTER($D$2:$D$1000,$B$2:$B$1000=B17),_xlfn._xlws.FILTER($E$2:$E$1000,$C$2:$C$1000=B17)))} -> 1 | H17: {=E17/MEDIAN(_xlfn.VSTACK(_xlfn._xlws.FILTER($E$2:$E$1000,$C$2:$C$1000=C17),_xlfn._xlws.FILTER($D$2:$D$1000,$B$2:$B$1000=C17)))} -> 0.96463974
A18: ='Weekly Ideal Results'!A18 -> 3 | B18: ='Weekly Ideal Results'!B18 -> Jungle Drummer | C18: ='Weekly Ideal Results'!C18 -> Please Let Me Win IDK what 2 do | D18: {=INDEX('Team Summaries'!$D$2:$D$1000,MATCH(1,('Weekly Actual Results'!$A18='Team Summaries'!$B$2:$B$1000)*('Weekly Actual Results'!B18='Team Summaries'!$A$2:$A$1000),0))} -> 114.72 | E18: {=INDEX('Team Summaries'!$D$2:$D$1000,MATCH(1,('Weekly Actual Results'!$A18='Team Summaries'!$B$2:$B$1000)*('Weekly Actual Results'!C18='Team Summaries'!$A$2:$A$1000),0))} -> 151.58 | F18: =D18-E18 -> -36.86 | G18: {=D18/MEDIAN(_xlfn.VSTACK(_xlfn._xlws.FILTER($D$2:$D$1000,$B$2:$B$1000=B18),_xlfn._xlws.FILTER($E$2:$E$1000,$C$2:$C$1000=B18)))} -> 1.0616324 | H18: {=E18/MEDIAN(_xlfn.VSTACK(_xlfn._xlws.FILTER($E$2:$E$1000,$C$2:$C$1000=C18),_xlfn._xlws.FILTER($D$2:$D$1000,$B$2:$B$1000=C18)))} -> 1.0489965
A19: ='Weekly Ideal Results'!A19 -> 3 | B19: ='Weekly Ideal Results'!B19 -> your friendly fantasy despot | C19: ='Weekly Ideal Results'!C19 -> Coach Carlt | D19: {=INDEX('Team Summaries'!$D$2:$D$1000,MATCH(1,('Weekly Actual Results'!$A19='Team Summaries'!$B$2:$B$1000)*('Weekly Actual Results'!B19='Team Summaries'!$A$2:$A$1000),0))} -> 85.64 | E19: {=INDEX('Team Summaries'!$D$2:$D$1000,MATCH(1,('Weekly Actual Results'!$A19='Team Summaries'!$B$2:$B$1000)*('Weekly Actual Results'!C19='Team Summaries'!$A$2:$A$1000),0))} -> 93.18 | F19: =D19-E19 -> -7.54 | G19: {=D19/MEDIAN(_xlfn.VSTACK(_xlfn._xlws.FILTER($D$2:$D$1000,$B$2:$B$1000=B19),_xlfn._xlws.FILTER($E$2:$E$1000,$C$2:$C$1000=B19)))} -> 0.65234613 | H19: {=E19/MEDIAN(_xlfn.VSTACK(_xlfn._xlws.FILTER($E$2:$E$1000,$C$2:$C$1000=C19),_xlfn._xlws.FILTER($D$2:$D$1000,$B$2:$B$1000=C19)))} -> 0.91317131
A20: ='Weekly Ideal Results'!A20 -> 3 | B20: ='Weekly Ideal Results'!B20 -> Juwan's Big Johnson | C20: ='Weekly Ideal Results'!C20 -> Picken Dis Nose | D20: {=INDEX('Team Summaries'!$D$2:$D$1000,MATCH(1,('Weekly Actual Results'!$A20='Team Summaries'!$B$2:$B$1000)*('Weekly Actual Results'!B20='Team Summaries'!$A$2:$A$1000),0))} -> 117.24 | E20: {=INDEX('Team Summaries'!$D$2:$D$1000,MATCH(1,('Weekly Actual Results'!$A20='Team Summaries'!$B$2:$B$1000)*('Weekly Actual Results'!C20='Team Summaries'!$A$2:$A$1000),0))} -> 90.48 | F20: =D20-E20 -> 26.76 | G20: {=D20/MEDIAN(_xlfn.VSTACK(_xlfn._xlws.FILTER($D$2:$D$1000,$B$2:$B$1000=B20),_xlfn._xlws.FILTER($E$2:$E$1000,$C$2:$C$1000=B20)))} -> 1 | H20: {=E20/MEDIAN(_xlfn.VSTACK(_xlfn._xlws.FILTER($E$2:$E$1000,$C$2:$C$1000=C20),_xlfn._xlws.FILTER($D$2:$D$1000,$B$2:$B$1000=C20)))} -> 1
A21: ='Weekly Ideal Results'!A21 -> 3 | B21: ='Weekly Ideal Results'!B21 -> I'm At My Limit | C21: ='Weekly Ideal Results'!C21 -> The Strib Club | D21: {=INDEX('Team Summaries'!$D$2:$D$1000,MATCH(1,('Weekly Actual Results'!$A21='Team Summaries'!$B$2:$B$1000)*('Weekly Actual Results'!B21='Team Summaries'!$A$2:$A$1000),0))} -> 123.7 | E21: {=INDEX('Team Summaries'!$D$2:$D$1000,MATCH(1,('Weekly Actual Results'!$A21='Team Summaries'!$B$2:$B$1000)*('Weekly Actual Results'!C21='Team Summaries'!$A$2:$A$1000),0))} -> 80.06 | F21: =D21-E21 -> 43.64 | G21: {=D21/MEDIAN(_xlfn.VSTACK(_xlfn._xlws.FILTER($D$2:$D$1000,$B$2:$B$1000=B21),_xlfn._xlws.FILTER($E$2:$E$1000,$C$2:$C$1000=B21)))} -> 1.1144144 | H21: {=E21/MEDIAN(_xlfn.VSTACK(_xlfn._xlws.FILTER($E$2:$E$1000,$C$2:$C$1000=C21),_xlfn._xlws.FILTER($D$2:$D$1000,$B$2:$B$1000=C21)))} -> 0.90504183
A22: ='Weekly Ideal Results'!A22 -> 3 | B22: ='Weekly Ideal Results'!B22 -> Lemieuse-bouche sais quoi | C22: ='Weekly Ideal Results'!C22 -> Pleading the Fifth Down | D22: {=INDEX('Team Summaries'!$D$2:$D$1000,MATCH(1,('Weekly Actual Results'!$A22='Team Summaries'!$B$2:$B$1000)*('Weekly Actual Results'!B22='Team Summaries'!$A$2:$A$1000),0))} -> 81.06 | E22: {=INDEX('Team Summaries'!$D$2:$D$1000,MATCH(1,('Weekly Actual Results'!$A22='Team Summaries'!$B$2:$B$1000)*('Weekly Actual Results'!C22='Team Summaries'!$A$2:$A$1000),0))} -> 112.44 | F22: =D22-E22 -> -31.38 | G22: {=D22/MEDIAN(_xlfn.VSTACK(_xlfn._xlws.FILTER($D$2:$D$1000,$B$2:$B$1000=B22),_xlfn._xlws.FILTER($E$2:$E$1000,$C$2:$C$1000=B22)))} -> 0.69329456 | H22: {=E22/MEDIAN(_xlfn.VSTACK(_xlfn._xlws.FILTER($E$2:$E$1000,$C$2:$C$1000=C22),_xlfn._xlws.FILTER($D$2:$D$1000,$B$2:$B$1000=C22)))} -> 1

Sheet Draft Recap
A1: Round | B1: NO. | C1: Overall | D1: Player | E1: Team | F1: Pos | G1: Team | H1: Projection | I1: Actual | J1: Weeks | K1: BYE | L1: Paced | M1: Dif | N1: INJ | O1: INJ Value | Q1: 3 | S1: Team | T1: Projection | U1: Actual | V1: Byes | W1: Paced | X1: Dif | Y1: INJ | Z1: INJ Value | AA1: MoV | AB1: MoD | AC1: Opp Prop | AE1: Team | AF1: Projection | AG1: Actual | AH1: Byes | AI1: Paced | AJ1: Dif | AK1: INJ | AL1: INJ Value | AM1: MoV | AN1: MoD | AO1: Opp Prop
A2: 1 | B2: 1 | C2: 1 | D2: Jahmyr Gibbs | E2: Lions | F2: RB | G2: Pleading the Fifth Down | H2: 335 | I2: 89.3 | J2: =COUNTIF('Raw Data'!$G$2:$G$100001,'Draft Recap'!D2) -> 3 | K2: 0 | L2: =IF(I2=0,0,I2+I2/($Q$1-K2)*(18-$Q$1-1+K2)) -> 506.03333 | M2: =L2-H2 -> 171.03333 | N2: 0 | O2: =N2*(MAX($A$2:$A$211)-A2+1)/4 -> 0 | S2: Coach Carlt | T2: =SUMIF($G$2:$G$211,$S2,H$2:H$211) -> 2480 | U2: =SUMIF($G$2:$G$211,$S2,I$2:I$211) -> 376.86 | V2: =SUMIF($G$2:$G$211,$S2,K$2:K$211) -> 0 | W2: =SUMIF($G$2:$G$211,$S2,L$2:L$211) -> 2135.54 | X2: =SUMIF($G$2:$G$211,$S2,M$2:M$211) -> -344.46 | Y2: =SUMIF($G$2:$G$211,$S2,N$2:N$211) -> 3 | Z2: =SUMIF($G$2:$G$211,$S2,O$2:O$211) -> 9 | AA2: =IFERROR((SUMIFS('Weekly Actual Results'!$F$2:$F$1000,'Weekly Actual Results'!$B$2:$B$1000,'Draft Recap'!$S2,'Weekly Actual Results'!$F$2:$F$1000,">0")+ABS(SUMIFS('Weekly Actual Results'!$F$2:$F$1000,'Weekly Actual Results'!$C$2:$C$1000,'Draft Recap'!$S2,'Weekly Actual Results'!$F$2:$F$1000,"<0")))/(COUNTIFS('Weekly Actual Results'!$B$2:$B$1000,'Draft Recap'!$S2,'Weekly Actual Results'!$F$2:$F$1000,">0")+COUNTIFS('Weekly Actual Results'!$C$2:$C$1000,'Draft Recap'!$S2,'Weekly Actual Results'!$F$2:$F$1000,"<0")),0) -> 25.153333 | AB2: =IFERROR((ABS(SUMIFS('Weekly Actual Results'!$F$2:$F$1000,'Weekly Actual Results'!$B$2:$B$1000,'Draft Recap'!$S2,'Weekly Actual Results'!$F$2:$F$1000,"<0"))+ABS(SUMIFS('Weekly Actual Results'!$F$2:$F$1000,'Weekly Actual Results'!$C$2:$C$1000,'Draft Recap'!$S2,'Weekly Actual Results'!$F$2:$F$1000,">0")))/(COUNTIFS('Weekly Actual Results'!$B$2:$B$1000,'Draft Recap'!$S2,'Weekly Actual Results'!$F$2:$F$1000,"<0")+COUNTIFS('Weekly Actual Results'!$C$2:$C$1000,'Draft Recap'!$S2,'Weekly Actual Results'!$F$2:$F$1000,">0")),0) -> 0 | AC2: {=MEDIAN(_xlfn.VSTACK(_xlfn._xlws.FILTER('Weekly Actual Results'!$H$2:$H$1000,'Weekly Actual Results'!$B$2:$B$1000='Draft Recap'!S2),_xlfn._xlws.FILTER('Weekly Actual Results'!$G$2:$G$1000,'Weekly Actual Results'!$C$2:$C$1000='Draft Recap'!S2)))} -> 0.91511936 | AE2: Coach Carlt | AF2: 2480 | AG2: 376.86 | AH2: 0 | AI2: 2135.54 | AJ2: -344.46 | AK2: 3 | AL2: 9 | AM2: 25.153333 | AN2: 0 | AO2: 0.91511936
A3: 1 | B3: 2 | C3: 2 | D3: Bijan Robinson | E3: Falcons | F3: RB | G3: I'm At My Limit | H3: 314 | I3: 71.2 | J3: =COUNTIF('Raw Data'!$G$2:$G$100001,'Draft Recap'!D3) -> 3 | K3: 0 | L3: =IF(I3=0,0,I3+I3/($Q$1-K3)*(18-$Q$1-1+K3)) -> 403.46667 | M3: =L3-H3 -> 89.466667 | N3: 0 | O3: =N3*(MAX($A$2:$A$211)-A3+1)/4 -> 0 | S3: Picken Dis Nose | T3: =SUMIF($G$2:$G$211,$S3,H$2:H$211) -> 2339 | U3: =SUMIF($G$2:$G$211,$S3,I$2:I$211) -> 314.36 | V3: =SUMIF($G$2:$G$211,$S3,K$2:K$211) -> 0 | W3: =SUMIF($G$2:$G$211,$S3,L$2:L$211) -> 1781.3733 | X3: =SUMIF($G$2:$G$211,$S3,M$2:M$211) -> -557.62667 | Y3: =SUMIF($G$2:$G$211,$S3,N$2:N$211) -> 5 | Z3: =SUMIF($G$2:$G$211,$S3,O$2:O$211) -> 7.75 | AA3: =IFERROR((SUMIFS('Weekly Actual Results'!$F$2:$F$1000,'Weekly Actual Results'!$B$2:$B$1000,'Draft Recap'!$S3,'Weekly Actual Results'!$F$2:$F$1000,">0")+ABS(SUMIFS('Weekly Actual Results'!$F$2:$F$1000,'Weekly Actual Results'!$C$2:$C$1000,'Draft Recap'!$S3,'Weekly Actual Results'!$F$2:$F$1000,"<0")))/(COUNTIFS('Weekly Actual Results'!$B$2:$B$1000,'Draft Recap'!$S3,'Weekly Actual Results'!$F$2:$F$1000,">0")+COUNTIFS('Weekly Actual Results'!$C$2:$C$1000,'Draft Recap'!$S3,'Weekly Actual Results'!$F$2:$F$1000,"<0")),0) -> 28.58 | AB3: =IFERROR((ABS(SUMIFS('Weekly Actual Results'!$F$2:$F$1000,'Weekly Actual Results'!$B$2:$B$1000,'Draft Recap'!$S3,'Weekly Actual Results'!$F$2:$F$1000,"<0"))+ABS(SUMIFS('Weekly Actual Results'!$F$2:$F$1000,'Weekly Actual Results'!$C$2:$C$1000,'Draft Recap'!$S3,'Weekly Actual Results'!$F$2:$F$1000,">0")))/(COUNTIFS('Weekly Actual Results'!$B$2:$B$1000,'Draft Recap'!$S3,'Weekly Actual Results'!$F$2:$F$1000,"<0")+COUNTIFS('Weekly Actual Results'!$C$2:$C$1000,'Draft Recap'!$S3,'Weekly Actual Results'!$F$2:$F$1000,">0")),0) -> 36.11 | AC3: {=MEDIAN(_xlfn.VSTACK(_xlfn._xlws.FILTER('Weekly Actual Results'!$H$2:$H$1000,'Weekly Actual Results'!$B$2:$B$1000='Draft Recap'!S3),_xlfn._xlws.FILTER('Weekly Actual Results'!$G$2:$G$1000,'Weekly Actual Results'!$C$2:$C$1000='Draft Recap'!S3)))} -> 1 | AE3: Picken Dis Nose | AF3: 2339 | AG3: 314.36 | AH3: 0 | AI3: 1781.3733 | AJ3: -557.62667 | AK3: 5 | AL3: 7.75 | AM3: 28.58 | AN3: 36.11 | AO3: 1
A4: 1 | B4: 3 | C4: 3 | D4: Ja'Marr Chase | E4: Bengals | F4: WR | G4: Picken Dis Nose | H4: 277 | I4: 45.5 | J4: =COUNTIF('Raw Data'!$G$2:$G$100001,'Draft Recap'!D4) -> 3 | K4: 0 | L4: =IF(I4=0,0,I4+I4/($Q$1-K4)*(18-$Q$1-1+K4)) -> 257.83333 | M4: =L4-H4 -> -19.166667 | N4: 0 | O4: =N4*(MAX($A$2:$A$211)-A4+1)/4 -> 0 | S4: The Strib Club | T4: =SUMIF($G$2:$G$211,$S4,H$2:H$211) -> 2163 | U4: =SUMIF($G$2:$G$211,$S4,I$2:I$211) -> 334.04 | V4: =SUMIF($G$2:$G$211,$S4,K$2:K$211) -> 0 | W4: =SUMIF($G$2:$G$211,$S4,L$2:L$211) -> 1786.2933 | X4: =SUMIF($G$2:$G$211,$S4,M$2:M$211) -> -376.70667 | Y4: =SUMIF($G$2:$G$211,$S4,N$2:N$211) -> 4 | Z4: =SUMIF($G$2:$G$211,$S4,O$2:O$211) -> 7 | AA4: =IFERROR((SUMIFS('Weekly Actual Results'!$F$2:$F$1000,'Weekly Actual Results'!$B$2:$B$1000,'Draft Recap'!$S4,'Weekly Actual Results'!$F$2:$F$1000,">0")+ABS(SUMIFS('Weekly Actual Results'!$F$2:$F$1000,'Weekly Actual Results'!$C$2:$C$1000,'Draft Recap'!$S4,'Weekly Actual Results'!$F$2:$F$1000,"<0")))/(COUNTIFS('Weekly Actual Results'!$B$2:$B$1000,'Draft Recap'!$S4,'Weekly Actual Results'!$F$2:$F$1000,">0")+COUNTIFS('Weekly Actual Results'!$C$2:$C$1000,'Draft Recap'!$S4,'Weekly Actual Results'!$F$2:$F$1000,"<0")),0) -> 54.66 | AB4: =IFERROR((ABS(SUMIFS('Weekly Actual Results'!$F$2:$F$1000,'Weekly Actual Results'!$B$2:$B$1000,'Draft Recap'!$S4,'Weekly Actual Results'!$F$2:$F$1000,"<0"))+ABS(SUMIFS('Weekly Actual Results'!$F$2:$F$1000,'Weekly Actual Results'!$C$2:$C$1000,'Draft Recap'!$S4,'Weekly Actual Results'!$F$2:$F$1000,">0")))/(COUNTIFS('Weekly Actual Results'!$B$2:$B$1000,'Draft Recap'!$S4,'Weekly Actual Results'!$F$2:$F$1000,"<0")+COUNTIFS('Weekly Actual Results'!$C$2:$C$1000,'Draft Recap'!$S4,'Weekly Actual Results'!$F$2:$F$1000,">0")),0) -> 53.39 | AC4: {=MEDIAN(_xlfn.VSTACK(_xlfn._xlws.FILTER('Weekly Actual Results'!$H$2:$H$1000,'Weekly Actual Results'!$B$2:$B$1000='Draft Recap'!S4),_xlfn._xlws.FILTER('Weekly Actual Results'!$G$2:$G$1000,'Weekly Actual Results'!$C$2:$C$1000='Draft Recap'!S4)))} -> 1.1144144 | AE4: The Strib Club | AF4: 2163 | AG4: 334.04 | AH4: 0 | AI4: 1786.2933 | AJ4: -376.70667 | AK4: 4 | AL4: 7 | AM4: 54.66 | AN4: 53.39 | AO4: 1.1144144
A5: 1 | B5: 4 | C5: 4 | D5: Puka Nacua | E5: Rams | F5: WR | G5: Puka bit my finger | H5: 293 | I5: 9.9 | J5: =COUNTIF('Raw Data'!$G$2:$G$100001,'Draft Recap'!D5) -> 3 | K5: 0 | L5: =IF(I5=0,0,I5+I5/($Q$1-K5)*(18-$Q$1-1+K5)) -> 56.1 | M5: =L5-H5 -> -236.9 | N5: 2 | O5: =N5*(MAX($A$2:$A$211)-A5+1)/4 -> 7 | S5: Shough and pray | T5: =SUMIF($G$2:$G$211,$S5,H$2:H$211) -> 2227 | U5: =SUMIF($G$2:$G$211,$S5,I$2:I$211) -> 447.88 | V5: =SUMIF($G$2:$G$211,$S5,K$2:K$211) -> 0 | W5: =SUMIF($G$2:$G$211,$S5,L$2:L$211) -> 2537.9867 | X5: =SUMIF($G$2:$G$211,$S5,M$2:M$211) -> 310.98667 | Y5: =SUMIF($G$2:$G$211,$S5,N$2:N$211) -> 2 | Z5: =SUMIF($G$2:$G$211,$S5,O$2:O$211) -> 4.25 | AA5: =IFERROR((SUMIFS('Weekly Actual Results'!$F$2:$F$1000,'Weekly Actual Results'!$B$2:$B$1000,'Draft Recap'!$S5,'Weekly Actual Results'!$F$2:$F$1000,">0")+ABS(SUMIFS('Weekly Actual Results'!$F$2:$F$1000,'Weekly Actual Results'!$C$2:$C$1000,'Draft Recap'!$S5,'Weekly Actual Results'!$F$2:$F$1000,"<0")))/(COUNTIFS('Weekly Actual Results'!$B$2:$B$1000,'Draft Recap'!$S5,'Weekly Actual Results'!$F$2:$F$1000,">0")+COUNTIFS('Weekly Actual Results'!$C$2:$C$1000,'Draft Recap'!$S5,'Weekly Actual Results'!$F$2:$F$1000,"<0")),0) -> 36.08 | AB5: =IFERROR((ABS(SUMIFS('Weekly Actual Results'!$F$2:$F$1000,'Weekly Actual Results'!$B$2:$B$1000,'Draft Recap'!$S5,'Weekly Actual Results'!$F$2:$F$1000,"<0"))+ABS(SUMIFS('Weekly Actual Results'!$F$2:$F$1000,'Weekly Actual Results'!$C$2:$C$1000,'Draft Recap'!$S5,'Weekly Actual Results'!$F$2:$F$1000,">0")))/(COUNTIFS('Weekly Actual Results'!$B$2:$B$1000,'Draft Recap'!$S5,'Weekly Actual Results'!$F$2:$F$1000,"<0")+COUNTIFS('Weekly Actual Results'!$C$2:$C$1000,'Draft Recap'!$S5,'Weekly Actual Results'!$F$2:$F$1000,">0")),0) -> 0 | AC5: {=MEDIAN(_xlfn.VSTACK(_xlfn._xlws.FILTER('Weekly Actual Results'!$H$2:$H$1000,'Weekly Actual Results'!$B$2:$B$1000='Draft Recap'!S5),_xlfn._xlws.FILTER('Weekly Actual Results'!$G$2:$G$1000,'Weekly Actual Results'!$C$2:$C$1000='Draft Recap'!S5)))} -> 1 | AE5: Shough and pray | AF5: 2227 | AG5: 447.88 | AH5: 0 | AI5: 2537.9867 | AJ5: 310.98667 | AK5: 2 | AL5: 4.25 | AM5: 36.08 | AN5: 0 | AO5: 1
A6: 1 | B6: 5 | C6: 5 | D6: James Cook III | E6: Bills | F6: RB | G6: The Strib Club | H6: 263 | I6: 48.2 | J6: =COUNTIF('Raw Data'!$G$2:$G$100001,'Draft Recap'!D6) -> 3 | K6: 0 | L6: =IF(I6=0,0,I6+I6/($Q$1-K6)*(18-$Q$1-1+K6)) -> 273.13333 | M6: =L6-H6 -> 10.133333 | N6: 0 | O6: =N6*(MAX($A$2:$A$211)-A6+1)/4 -> 0 | S6: Pleading the Fifth Down | T6: =SUMIF($G$2:$G$211,$S6,H$2:H$211) -> 2558 | U6: =SUMIF($G$2:$G$211,$S6,I$2:I$211) -> 455.04 | V6: =SUMIF($G$2:$G$211,$S6,K$2:K$211) -> 0 | W6: =SUMIF($G$2:$G$211,$S6,L$2:L$211) -> 2578.56 | X6: =SUMIF($G$2:$G$211,$S6,M$2:M$211) -> 20.56 | Y6: =SUMIF($G$2:$G$211,$S6,N$2:N$211) -> 0 | Z6: =SUMIF($G$2:$G$211,$S6,O$2:O$211) -> 0 | AA6: =IFERROR((SUMIFS('Weekly Actual Results'!$F$2:$F$1000,'Weekly Actual Results'!$B$2:$B$1000,'Draft Recap'!$S6,'Weekly Actual Results'!$F$2:$F$1000,">0")+ABS(SUMIFS('Weekly Actual Results'!$F$2:$F$1000,'Weekly Actual Results'!$C$2:$C$1000,'Draft Recap'!$S6,'Weekly Actual Results'!$F$2:$F$1000,"<0")))/(COUNTIFS('Weekly Actual Results'!$B$2:$B$1000,'Draft Recap'!$S6,'Weekly Actual Results'!$F$2:$F$1000,">0")+COUNTIFS('Weekly Actual Results'!$C$2:$C$1000,'Draft Recap'!$S6,'Weekly Actual Results'!$F$2:$F$1000,"<0")),0) -> 16.92 | AB6: =IFERROR((ABS(SUMIFS('Weekly Actual Results'!$F$2:$F$1000,'Weekly Actual Results'!$B$2:$B$1000,'Draft Recap'!$S6,'Weekly Actual Results'!$F$2:$F$1000,"<0"))+ABS(SUMIFS('Weekly Actual Results'!$F$2:$F$1000,'Weekly Actual Results'!$C$2:$C$1000,'Draft Recap'!$S6,'Weekly Actual Results'!$F$2:$F$1000,">0")))/(COUNTIFS('Weekly Actual Results'!$B$2:$B$1000,'Draft Recap'!$S6,'Weekly Actual Results'!$F$2:$F$1000,"<0")+COUNTIFS('Weekly Actual Results'!$C$2:$C$1000,'Draft Recap'!$S6,'Weekly Actual Results'!$F$2:$F$1000,">0")),0) -> 7.86 | AC6: {=MEDIAN(_xlfn.VSTACK(_xlfn._xlws.FILTER('Weekly Actual Results'!$H$2:$H$1000,'Weekly Actual Results'!$B$2:$B$1000='Draft Recap'!S6),_xlfn._xlws.FILTER('Weekly Actual Results'!$G$2:$G$1000,'Weekly Actual Results'!$C$2:$C$1000='Draft Recap'!S6)))} -> 1 | AE6: Pleading the Fifth Down | AF6: 2558 | AG6: 455.04 | AH6: 0 | AI6: 2578.56 | AJ6: 20.56 | AK6: 0 | AL6: 0 | AM6: 16.92 | AN6: 7.86 | AO6: 1
A7: 1 | B7: 6 | C7: 6 | D7: Jonathan Taylor | E7: Colts | F7: RB | G7: Coach Carlt | H7: 291 | I7: 59 | J7: =COUNTIF('Raw Data'!$G$2:$G$100001,'Draft Recap'!D7) -> 3 | K7: 0 | L7: =IF(I7=0,0,I7+I7/($Q$1-K7)*(18-$Q$1-1+K7)) -> 334.33333 | M7: =L7-H7 -> 43.333333 | N7: 0 | O7: =N7*(MAX($A$2:$A$211)-A7+1)/4 -> 0 | S7: Please Let Me Win IDK what 2 do | T7: =SUMIF($G$2:$G$211,$S7,H$2:H$211) -> 2178 | U7: =SUMIF($G$2:$G$211,$S7,I$2:I$211) -> 414.46 | V7: =SUMIF($G$2:$G$211,$S7,K$2:K$211) -> 0 | W7: =SUMIF($G$2:$G$211,$S7,L$2:L$211) -> 2348.6067 | X7: =SUMIF($G$2:$G$211,$S7,M$2:M$211) -> 170.60667 | Y7: =SUMIF($G$2:$G$211,$S7,N$2:N$211) -> 1 | Z7: =SUMIF($G$2:$G$211,$S7,O$2:O$211) -> 2 | AA7: =IFERROR((SUMIFS('Weekly Actual Results'!$F$2:$F$1000,'Weekly Actual Results'!$B$2:$B$1000,'Draft Recap'!$S7,'Weekly Actual Results'!$F$2:$F$1000,">0")+ABS(SUMIFS('Weekly Actual Results'!$F$2:$F$1000,'Weekly Actual Results'!$C$2:$C$1000,'Draft Recap'!$S7,'Weekly Actual Results'!$F$2:$F$1000,"<0")))/(COUNTIFS('Weekly Actual Results'!$B$2:$B$1000,'Draft Recap'!$S7,'Weekly Actual Results'!$F$2:$F$1000,">0")+COUNTIFS('Weekly Actual Results'!$C$2:$C$1000,'Draft Recap'!$S7,'Weekly Actual Results'!$F$2:$F$1000,"<0")),0) -> 22.36 | AB7: =IFERROR((ABS(SUMIFS('Weekly Actual Results'!$F$2:$F$1000,'Weekly Actual Results'!$B$2:$B$1000,'Draft Recap'!$S7,'Weekly Actual Results'!$F$2:$F$1000,"<0"))+ABS(SUMIFS('Weekly Actual Results'!$F$2:$F$1000,'Weekly Actual Results'!$C$2:$C$1000,'Draft Recap'!$S7,'Weekly Actual Results'!$F$2:$F$1000,">0")))/(COUNTIFS('Weekly Actual Results'!$B$2:$B$1000,'Draft Recap'!$S7,'Weekly Actual Results'!$F$2:$F$1000,"<0")+COUNTIFS('Weekly Actual Results'!$C$2:$C$1000,'Draft Recap'!$S7,'Weekly Actual Results'!$F$2:$F$1000,">0")),0) -> 22.08 | AC7: {=MEDIAN(_xlfn.VSTACK(_xlfn._xlws.FILTER('Weekly Actual Results'!$H$2:$H$1000,'Weekly Actual Results'!$B$2:$B$1000='Draft Recap'!S7),_xlfn._xlws.FILTER('Weekly Actual Results'!$G$2:$G$1000,'Weekly Actual Results'!$C$2:$C$1000='Draft Recap'!S7)))} -> 1.0616324 | AE7: Please Let Me Win IDK what 2 do | AF7: 2178 | AG7: 414.46 | AH7: 0 | AI7: 2348.6067 | AJ7: 170.60667 | AK7: 1 | AL7: 2 | AM7: 22.36 | AN7: 22.08 | AO7: 1.0616324
A8: 1 | B8: 7 | C8: 7 | D8: Amon-Ra St. Brown | E8: Lions | F8: WR | G8: your friendly fantasy despot | H8: 265 | I8: 64.3 | J8: =COUNTIF('Raw Data'!$G$2:$G$100001,'Draft Recap'!D8) -> 3 | K8: 0 | L8: =IF(I8=0,0,I8+I8/($Q$1-K8)*(18-$Q$1-1+K8)) -> 364.36667 | M8: =L8-H8 -> 99.366667 | N8: 0 | O8: =N8*(MAX($A$2:$A$211)-A8+1)/4 -> 0 | S8: I'm At My Limit | T8: =SUMIF($G$2:$G$211,$S8,H$2:H$211) -> 2425 | U8: =SUMIF($G$2:$G$211,$S8,I$2:I$211) -> 398.46 | V8: =SUMIF($G$2:$G$211,$S8,K$2:K$211) -> 0 | W8: =SUMIF($G$2:$G$211,$S8,L$2:L$211) -> 2257.94 | X8: =SUMIF($G$2:$G$211,$S8,M$2:M$211) -> -167.06 | Y8: =SUMIF($G$2:$G$211,$S8,N$2:N$211) -> 2 | Z8: =SUMIF($G$2:$G$211,$S8,O$2:O$211) -> 1.25 | AA8: =IFERROR((SUMIFS('Weekly Actual Results'!$F$2:$F$1000,'Weekly Actual Results'!$B$2:$B$1000,'Draft Recap'!$S8,'Weekly Actual Results'!$F$2:$F$1000,">0")+ABS(SUMIFS('Weekly Actual Results'!$F$2:$F$1000,'Weekly Actual Results'!$C$2:$C$1000,'Draft Recap'!$S8,'Weekly Actual Results'!$F$2:$F$1000,"<0")))/(COUNTIFS('Weekly Actual Results'!$B$2:$B$1000,'Draft Recap'!$S8,'Weekly Actual Results'!$F$2:$F$1000,">0")+COUNTIFS('Weekly Actual Results'!$C$2:$C$1000,'Draft Recap'!$S8,'Weekly Actual Results'!$F$2:$F$1000,"<0")),0) -> 37.04 | AB8: =IFERROR((ABS(SUMIFS('Weekly Actual Results'!$F$2:$F$1000,'Weekly Actual Results'!$B$2:$B$1000,'Draft Recap'!$S8,'Weekly Actual Results'!$F$2:$F$1000,"<0"))+ABS(SUMIFS('Weekly Actual Results'!$F$2:$F$1000,'Weekly Actual Results'!$C$2:$C$1000,'Draft Recap'!$S8,'Weekly Actual Results'!$F$2:$F$1000,">0")))/(COUNTIFS('Weekly Actual Results'!$B$2:$B$1000,'Draft Recap'!$S8,'Weekly Actual Results'!$F$2:$F$1000,"<0")+COUNTIFS('Weekly Actual Results'!$C$2:$C$1000,'Draft Recap'!$S8,'Weekly Actual Results'!$F$2:$F$1000,">0")),0) -> 35.5 | AC8: {=MEDIAN(_xlfn.VSTACK(_xlfn._xlws.FILTER('Weekly Actual Results'!$H$2:$H$1000,'Weekly Actual Results'!$B$2:$B$1000='Draft Recap'!S8),_xlfn._xlws.FILTER('Weekly Actual Results'!$G$2:$G$1000,'Weekly Actual Results'!$C$2:$C$1000='Draft Recap'!S8)))} -> 1 | AE8: I'm At My Limit | AF8: 2425 | AG8: 398.46 | AH8: 0 | AI8: 2257.94 | AJ8: -167.06 | AK8: 2 | AL8: 1.25 | AM8: 37.04 | AN8: 35.5 | AO8: 1
A9: 1 | B9: 8 | C9: 8 | D9: Jaxon Smith-Njigba | E9: Seahawks | F9: WR | G9: Please Let Me Win IDK what 2 do | H9: 269 | I9: 90.56 | J9: =COUNTIF('Raw Data'!$G$2:$G$100001,'Draft Recap'!D9) -> 3 | K9: 0 | L9: =IF(I9=0,0,I9+I9/($Q$1-K9)*(18-$Q$1-1+K9)) -> 513.17333 | M9: =L9-H9 -> 244.17333 | N9: 0 | O9: =N9*(MAX($A$2:$A$211)-A9+1)/4 -> 0 | S9: Puka bit my finger | T9: =SUMIF($G$2:$G$211,$S9,H$2:H$211) -> 2523 | U9: =SUMIF($G$2:$G$211,$S9,I$2:I$211) -> 419.8 | V9: =SUMIF($G$2:$G$211,$S9,K$2:K$211) -> 0 | W9: =SUMIF($G$2:$G$211,$S9,L$2:L$211) -> 2378.8667 | X9: =SUMIF($G$2:$G$211,$S9,M$2:M$211) -> -144.13333 | Y9: =SUMIF($G$2:$G$211,$S9,N$2:N$211) -> 2 | Z9: =SUMIF($G$2:$G$211,$S9,O$2:O$211) -> 7 | AA9: =IFERROR((SUMIFS('Weekly Actual Results'!$F$2:$F$1000,'Weekly Actual Results'!$B$2:$B$1000,'Draft Recap'!$S9,'Weekly Actual Results'!$F$2:$F$1000,">0")+ABS(SUMIFS('Weekly Actual Results'!$F$2:$F$1000,'Weekly Actual Results'!$C$2:$C$1000,'Draft Recap'!$S9,'Weekly Actual Results'!$F$2:$F$1000,"<0")))/(COUNTIFS('Weekly Actual Results'!$B$2:$B$1000,'Draft Recap'!$S9,'Weekly Actual Results'!$F$2:$F$1000,">0")+COUNTIFS('Weekly Actual Results'!$C$2:$C$1000,'Draft Recap'!$S9,'Weekly Actual Results'!$F$2:$F$1000,"<0")),0) -> 34.44 | AB9: =IFERROR((ABS(SUMIFS('Weekly Actual Results'!$F$2:$F$1000,'Weekly Actual Results'!$B$2:$B$1000,'Draft Recap'!$S9,'Weekly Actual Results'!$F$2:$F$1000,"<0"))+ABS(SUMIFS('Weekly Actual Results'!$F$2:$F$1000,'Weekly Actual Results'!$C$2:$C$1000,'Draft Recap'!$S9,'Weekly Actual Results'!$F$2:$F$1000,">0")))/(COUNTIFS('Weekly Actual Results'!$B$2:$B$1000,'Draft Recap'!$S9,'Weekly Actual Results'!$F$2:$F$1000,"<0")+COUNTIFS('Weekly Actual Results'!$C$2:$C$1000,'Draft Recap'!$S9,'Weekly Actual Results'!$F$2:$F$1000,">0")),0) -> 26.45 | AC9: {=MEDIAN(_xlfn.VSTACK(_xlfn._xlws.FILTER('Weekly Actual Results'!$H$2:$H$1000,'Weekly Actual Results'!$B$2:$B$1000='Draft Recap'!S9),_xlfn._xlws.FILTER('Weekly Actual Results'!$G$2:$G$1000,'Weekly Actual Results'!$C$2:$C$1000='Draft Recap'!S9)))} -> 1 | AE9: Puka bit my finger | AF9: 2523 | AG9: 419.8 | AH9: 0 | AI9: 2378.8667 | AJ9: -144.13333 | AK9: 2 | AL9: 7 | AM9: 34.44 | AN9: 26.45 | AO9: 1
A10: 1 | B10: 9 | C10: 9 | D10: Christian McCaffrey | E10: 49ers | F10: RB | G10: Shough and pray | H10: 302 | I10: 51.5 | J10: =COUNTIF('Raw Data'!$G$2:$G$100001,'Draft Recap'!D10) -> 3 | K10: 0 | L10: =IF(I10=0,0,I10+I10/($Q$1-K10)*(18-$Q$1-1+K10)) -> 291.83333 | M10: =L10-H10 -> -10.166667 | N10: 0 | O10: =N10*(MAX($A$2:$A$211)-A10+1)/4 -> 0 | S10: Lemieuse-bouche sais quoi | T10: =SUMIF($G$2:$G$211,$S10,H$2:H$211) -> 2298 | U10: =SUMIF($G$2:$G$211,$S10,I$2:I$211) -> 352.8 | V10: =SUMIF($G$2:$G$211,$S10,K$2:K$211) -> 0 | W10: =SUMIF($G$2:$G$211,$S10,L$2:L$211) -> 1999.2 | X10: =SUMIF($G$2:$G$211,$S10,M$2:M$211) -> -298.8 | Y10: =SUMIF($G$2:$G$211,$S10,N$2:N$211) -> 1 | Z10: =SUMIF($G$2:$G$211,$S10,O$2:O$211) -> 2 | AA10: =IFERROR((SUMIFS('Weekly Actual Results'!$F$2:$F$1000,'Weekly Actual Results'!$B$2:$B$1000,'Draft Recap'!$S10,'Weekly Actual Results'!$F$2:$F$1000,">0")+ABS(SUMIFS('Weekly Actual Results'!$F$2:$F$1000,'Weekly Actual Results'!$C$2:$C$1000,'Draft Recap'!$S10,'Weekly Actual Results'!$F$2:$F$1000,"<0")))/(COUNTIFS('Weekly Actual Results'!$B$2:$B$1000,'Draft Recap'!$S10,'Weekly Actual Results'!$F$2:$F$1000,">0")+COUNTIFS('Weekly Actual Results'!$C$2:$C$1000,'Draft Recap'!$S10,'Weekly Actual Results'!$F$2:$F$1000,"<0")),0) -> 29.78 | AB10: =IFERROR((ABS(SUMIFS('Weekly Actual Results'!$F$2:$F$1000,'Weekly Actual Results'!$B$2:$B$1000,'Draft Recap'!$S10,'Weekly Actual Results'!$F$2:$F$1000,"<0"))+ABS(SUMIFS('Weekly Actual Results'!$F$2:$F$1000,'Weekly Actual Results'!$C$2:$C$1000,'Draft Recap'!$S10,'Weekly Actual Results'!$F$2:$F$1000,">0")))/(COUNTIFS('Weekly Actual Results'!$B$2:$B$1000,'Draft Recap'!$S10,'Weekly Actual Results'!$F$2:$F$1000,"<0")+COUNTIFS('Weekly Actual Results'!$C$2:$C$1000,'Draft Recap'!$S10,'Weekly Actual Results'!$F$2:$F$1000,">0")),0) -> 31.38 | AC10: {=MEDIAN(_xlfn.VSTACK(_xlfn._xlws.FILTER('Weekly Actual Results'!$H$2:$H$1000,'Weekly Actual Results'!$B$2:$B$1000='Draft Recap'!S10),_xlfn._xlws.FILTER('Weekly Actual Results'!$G$2:$G$1000,'Weekly Actual Results'!$C$2:$C$1000='Draft Recap'!S10)))} -> 0.94539545 | AE10: Lemieuse-bouche sais quoi | AF10: 2298 | AG10: 352.8 | AH10: 0 | AI10: 1999.2 | AJ10: -298.8 | AK10: 1 | AL10: 2 | AM10: 29.78 | AN10: 31.38 | AO10: 0.94539545
A11: 1 | B11: 10 | C11: 10 | D11: Justin Jefferson | E11: Vikings | F11: WR | G11: Juwan's Big Johnson | H11: 239 | I11: 38.4 | J11: =COUNTIF('Raw Data'!$G$2:$G$100001,'Draft Recap'!D11) -> 3 | K11: 0 | L11: =IF(I11=0,0,I11+I11/($Q$1-K11)*(18-$Q$1-1+K11)) -> 217.6 | M11: =L11-H11 -> -21.4 | N11: 0 | O11: =N11*(MAX($A$2:$A$211)-A11+1)/4 -> 0 | S11: the medical tent apparently | T11: =SUMIF($G$2:$G$211,$S11,H$2:H$211) -> 2433 | U11: =SUMIF($G$2:$G$211,$S11,I$2:I$211) -> 364.4 | V11: =SUMIF($G$2:$G$211,$S11,K$2:K$211) -> 0 | W11: =SUMIF($G$2:$G$211,$S11,L$2:L$211) -> 2064.9333 | X11: =SUMIF($G$2:$G$211,$S11,M$2:M$211) -> -368.06667 | Y11: =SUMIF($G$2:$G$211,$S11,N$2:N$211) -> 0 | Z11: =SUMIF($G$2:$G$211,$S11,O$2:O$211) -> 0 | AA11: =IFERROR((SUMIFS('Weekly Actual Results'!$F$2:$F$1000,'Weekly Actual Results'!$B$2:$B$1000,'Draft Recap'!$S11,'Weekly Actual Results'!$F$2:$F$1000,">0")+ABS(SUMIFS('Weekly Actual Results'!$F$2:$F$1000,'Weekly Actual Results'!$C$2:$C$1000,'Draft Recap'!$S11,'Weekly Actual Results'!$F$2:$F$1000,"<0")))/(COUNTIFS('Weekly Actual Results'!$B$2:$B$1000,'Draft Recap'!$S11,'Weekly Actual Results'!$F$2:$F$1000,">0")+COUNTIFS('Weekly Actual Results'!$C$2:$C$1000,'Draft Recap'!$S11,'Weekly Actual Results'!$F$2:$F$1000,"<0")),0) -> 0 | AB11: =IFERROR((ABS(SUMIFS('Weekly Actual Results'!$F$2:$F$1000,'Weekly Actual Results'!$B$2:$B$1000,'Draft Recap'!$S11,'Weekly Actual Results'!$F$2:$F$1000,"<0"))+ABS(SUMIFS('Weekly Actual Results'!$F$2:$F$1000,'Weekly Actual Results'!$C$2:$C$1000,'Draft Recap'!$S11,'Weekly Actual Results'!$F$2:$F$1000,">0")))/(COUNTIFS('Weekly Actual Results'!$B$2:$B$1000,'Draft Recap'!$S11,'Weekly Actual Results'!$F$2:$F$1000,"<0")+COUNTIFS('Weekly Actual Results'!$C$2:$C$1000,'Draft Recap'!$S11,'Weekly Actual Results'!$F$2:$F$1000,">0")),0) -> 32.76 | AC11: {=MEDIAN(_xlfn.VSTACK(_xlfn._xlws.FILTER('Weekly Actual Results'!$H$2:$H$1000,'Weekly Actual Results'!$B$2:$B$1000='Draft Recap'!S11),_xlfn._xlws.FILTER('Weekly Actual Results'!$G$2:$G$1000,'Weekly Actual Results'!$C$2:$C$1000='Draft Recap'!S11)))} -> 1.3359859 | AE11: the medical tent apparently | AF11: 2433 | AG11: 364.4 | AH11: 0 | AI11: 2064.9333 | AJ11: -368.06667 | AK11: 0 | AL11: 0 | AM11: 0 | AN11: 32.76 | AO11: 1.3359859
A12: 1 | B12: 11 | C12: 11 | D12: CeeDee Lamb | E12: Cowboys | F12: WR | G12: Jungle Drummer | H12: 243 | I12: 60.9 | J12: =COUNTIF('Raw Data'!$G$2:$G$100001,'Draft Recap'!D12) -> 3 | K12: 0 | L12: =IF(I12=0,0,I12+I12/($Q$1-K12)*(18-$Q$1-1+K12)) -> 345.1 | M12: =L12-H12 -> 102.1 | N12: 0 | O12: =N12*(MAX($A$2:$A$211)-A12+1)/4 -> 0 | S12: your friendly fantasy despot | T12: =SUMIF($G$2:$G$211,$S12,H$2:H$211) -> 2486 | U12: =SUMIF($G$2:$G$211,$S12,I$2:I$211) -> 438.14 | V12: =SUMIF($G$2:$G$211,$S12,K$2:K$211) -> 0 | W12: =SUMIF($G$2:$G$211,$S12,L$2:L$211) -> 2482.7933 | X12: =SUMIF($G$2:$G$211,$S12,M$2:M$211) -> -3.2066667 | Y12: =SUMIF($G$2:$G$211,$S12,N$2:N$211) -> 3 | Z12: =SUMIF($G$2:$G$211,$S12,O$2:O$211) -> 8.75 | AA12: =IFERROR((SUMIFS('Weekly Actual Results'!$F$2:$F$1000,'Weekly Actual Results'!$B$2:$B$1000,'Draft Recap'!$S12,'Weekly Actual Results'!$F$2:$F$1000,">0")+ABS(SUMIFS('Weekly Actual Results'!$F$2:$F$1000,'Weekly Actual Results'!$C$2:$C$1000,'Draft Recap'!$S12,'Weekly Actual Results'!$F$2:$F$1000,"<0")))/(COUNTIFS('Weekly Actual Results'!$B$2:$B$1000,'Draft Recap'!$S12,'Weekly Actual Results'!$F$2:$F$1000,">0")+COUNTIFS('Weekly Actual Results'!$C$2:$C$1000,'Draft Recap'!$S12,'Weekly Actual Results'!$F$2:$F$1000,"<0")),0) -> 31.29 | AB12: =IFERROR((ABS(SUMIFS('Weekly Actual Results'!$F$2:$F$1000,'Weekly Actual Results'!$B$2:$B$1000,'Draft Recap'!$S12,'Weekly Actual Results'!$F$2:$F$1000,"<0"))+ABS(SUMIFS('Weekly Actual Results'!$F$2:$F$1000,'Weekly Actual Results'!$C$2:$C$1000,'Draft Recap'!$S12,'Weekly Actual Results'!$F$2:$F$1000,">0")))/(COUNTIFS('Weekly Actual Results'!$B$2:$B$1000,'Draft Recap'!$S12,'Weekly Actual Results'!$F$2:$F$1000,"<0")+COUNTIFS('Weekly Actual Results'!$C$2:$C$1000,'Draft Recap'!$S12,'Weekly Actual Results'!$F$2:$F$1000,">0")),0) -> 7.54 | AC12: {=MEDIAN(_xlfn.VSTACK(_xlfn._xlws.FILTER('Weekly Actual Results'!$H$2:$H$1000,'Weekly Actual Results'!$B$2:$B$1000='Draft Recap'!S12),_xlfn._xlws.FILTER('Weekly Actual Results'!$G$2:$G$1000,'Weekly Actual Results'!$C$2:$C$1000='Draft Recap'!S12)))} -> 0.91317131 | AE12: your friendly fantasy despot | AF12: 2486 | AG12: 438.14 | AH12: 0 | AI12: 2482.7933 | AJ12: -3.2066667 | AK12: 3 | AL12: 8.75 | AM12: 31.29 | AN12: 7.54 | AO12: 0.91317131
A13: 1 | B13: 12 | C13: 12 | D13: Saquon Barkley | E13: Eagles | F13: RB | G13: pretty good team | H13: 252 | I13: 19.5 | J13: =COUNTIF('Raw Data'!$G$2:$G$100001,'Draft Recap'!D13) -> 3 | K13: 0 | L13: =IF(I13=0,0,I13+I13/($Q$1-K13)*(18-$Q$1-1+K13)) -> 110.5 | M13: =L13-H13 -> -141.5 | N13: 0 | O13: =N13*(MAX($A$2:$A$211)-A13+1)/4 -> 0 | S13: pretty good team | T13: =SUMIF($G$2:$G$211,$S13,H$2:H$211) -> 2483 | U13: =SUMIF($G$2:$G$211,$S13,I$2:I$211) -> 341.38 | V13: =SUMIF($G$2:$G$211,$S13,K$2:K$211) -> 0 | W13: =SUMIF($G$2:$G$211,$S13,L$2:L$211) -> 1934.4867 | X13: =SUMIF($G$2:$G$211,$S13,M$2:M$211) -> -548.51333 | Y13: =SUMIF($G$2:$G$211,$S13,N$2:N$211) -> 3 | Z13: =SUMIF($G$2:$G$211,$S13,O$2:O$211) -> 3.75 | AA13: =IFERROR((SUMIFS('Weekly Actual Results'!$F$2:$F$1000,'Weekly Actual Results'!$B$2:$B$1000,'Draft Recap'!$S13,'Weekly Actual Results'!$F$2:$F$1000,">0")+ABS(SUMIFS('Weekly Actual Results'!$F$2:$F$1000,'Weekly Actual Results'!$C$2:$C$1000,'Draft Recap'!$S13,'Weekly Actual Results'!$F$2:$F$1000,"<0")))/(COUNTIFS('Weekly Actual Results'!$B$2:$B$1000,'Draft Recap'!$S13,'Weekly Actual Results'!$F$2:$F$1000,">0")+COUNTIFS('Weekly Actual Results'!$C$2:$C$1000,'Draft Recap'!$S13,'Weekly Actual Results'!$F$2:$F$1000,"<0")),0) -> 0 | AB13: =IFERROR((ABS(SUMIFS('Weekly Actual Results'!$F$2:$F$1000,'Weekly Actual Results'!$B$2:$B$1000,'Draft Recap'!$S13,'Weekly Actual Results'!$F$2:$F$1000,"<0"))+ABS(SUMIFS('Weekly Actual Results'!$F$2:$F$1000,'Weekly Actual Results'!$C$2:$C$1000,'Draft Recap'!$S13,'Weekly Actual Results'!$F$2:$F$1000,">0")))/(COUNTIFS('Weekly Actual Results'!$B$2:$B$1000,'Draft Recap'!$S13,'Weekly Actual Results'!$F$2:$F$1000,"<0")+COUNTIFS('Weekly Actual Results'!$C$2:$C$1000,'Draft Recap'!$S13,'Weekly Actual Results'!$F$2:$F$1000,">0")),0) -> 34.92 | AC13: {=MEDIAN(_xlfn.VSTACK(_xlfn._xlws.FILTER('Weekly Actual Results'!$H$2:$H$1000,'Weekly Actual Results'!$B$2:$B$1000='Draft Recap'!S13),_xlfn._xlws.FILTER('Weekly Actual Results'!$G$2:$G$1000,'Weekly Actual Results'!$C$2:$C$1000='Draft Recap'!S13)))} -> 1.0472273 | AE13: pretty good team | AF13: 2483 | AG13: 341.38 | AH13: 0 | AI13: 1934.4867 | AJ13: -548.51333 | AK13: 3 | AL13: 3.75 | AM13: 0 | AN13: 34.92 | AO13: 1.0472273
... A15: 1 | B15: 14 | C15: 14 | D15: Derrick Henry | E15: Ravens | F15: RB | G15: the medical tent apparently | H15: 268 | I15: 72.4 | J15: =COUNTIF('Raw Data'!$G$2:$G$100001,'Draft Recap'!D15) -> 3 | K15: 0 | L15: =IF(I15=0,0,I15+I15/($Q$1-K15)*(18-$Q$1-1+K15)) -> 410.26667 | M15: =L15-H15 -> 142.26667 | N15: 0 | O15: =N15*(MAX($A$2:$A$211)-A15+1)/4 -> 0 | S15: Jungle Drummer | T15: =SUMIF($G$2:$G$211,$S15,H$2:H$211) -> 2408 | U15: =SUMIF($G$2:$G$211,$S15,I$2:I$211) -> 400.88 | V15: =SUMIF($G$2:$G$211,$S15,K$2:K$211) -> 0 | W15: =SUMIF($G$2:$G$211,$S15,L$2:L$211) -> 2271.6533 | X15: =SUMIF($G$2:$G$211,$S15,M$2:M$211) -> -136.34667 | Y15: =SUMIF($G$2:$G$211,$S15,N$2:N$211) -> 0 | Z15: =SUMIF($G$2:$G$211,$S15,O$2:O$211) -> 0 | AA15: =IFERROR((SUMIFS('Weekly Actual Results'!$F$2:$F$1000,'Weekly Actual Results'!$B$2:$B$1000,'Draft Recap'!$S15,'Weekly Actual Results'!$F$2:$F$1000,">0")+ABS(SUMIFS('Weekly Actual Results'!$F$2:$F$1000,'Weekly Actual Results'!$C$2:$C$1000,'Draft Recap'!$S15,'Weekly Actual Results'!$F$2:$F$1000,"<0")))/(COUNTIFS('Weekly Actual Results'!$B$2:$B$1000,'Draft Recap'!$S15,'Weekly Actual Results'!$F$2:$F$1000,">0")+COUNTIFS('Weekly Actual Results'!$C$2:$C$1000,'Draft Recap'!$S15,'Weekly Actual Results'!$F$2:$F$1000,"<0")),0) -> 0 | AB15: =IFERROR((ABS(SUMIFS('Weekly Actual Results'!$F$2:$F$1000,'Weekly Actual Results'!$B$2:$B$1000,'Draft Recap'!$S15,'Weekly Actual Results'!$F$2:$F$1000,"<0"))+ABS(SUMIFS('Weekly Actual Results'!$F$2:$F$1000,'Weekly Actual Results'!$C$2:$C$1000,'Draft Recap'!$S15,'Weekly Actual Results'!$F$2:$F$1000,">0")))/(COUNTIFS('Weekly Actual Results'!$B$2:$B$1000,'Draft Recap'!$S15,'Weekly Actual Results'!$F$2:$F$1000,"<0")+COUNTIFS('Weekly Actual Results'!$C$2:$C$1000,'Draft Recap'!$S15,'Weekly Actual Results'!$F$2:$F$1000,">0")),0) -> 30.886667 | AC15: {=MEDIAN(_xlfn.VSTACK(_xlfn._xlws.FILTER('Weekly Actual Results'!$H$2:$H$1000,'Weekly Actual Results'!$B$2:$B$1000='Draft Recap'!S15),_xlfn._xlws.FILTER('Weekly Actual Results'!$G$2:$G$1000,'Weekly Actual Results'!$C$2:$C$1000='Draft Recap'!S15)))} -> 1.0489965 | AE15: Jungle Drummer | AF15: 2408 | AG15: 400.88 | AH15: 0 | AI15: 2271.6533 | AJ15: -136.34667 | AK15: 0 | AL15: 0 | AM15: 0 | AN15: 30.886667 | AO15: 1.0489965
A16: 2 | B16: 1 | C16: 15 | D16: De'Von Achane | E16: Dolphins | F16: RB | G16: the medical tent apparently | H16: 261 | I16: 21.1 | J16: =COUNTIF('Raw Data'!$G$2:$G$100001,'Draft Recap'!D16) -> 3 | K16: 0 | L16: =IF(I16=0,0,I16+I16/($Q$1-K16)*(18-$Q$1-1+K16)) -> 119.56667 | M16: =L16-H16 -> -141.43333 | N16: 0 | O16: =N16*(MAX($A$2:$A$211)-A16+1)/4 -> 0
A17: 2 | B17: 2 | C17: 16 | D17: Chase Brown | E17: Bengals | F17: RB | G17: Lemieuse-bouche sais quoi | H17: 240 | I17: 33.9 | J17: =COUNTIF('Raw Data'!$G$2:$G$100001,'Draft Recap'!D17) -> 3 | K17: 0 | L17: =IF(I17=0,0,I17+I17/($Q$1-K17)*(18-$Q$1-1+K17)) -> 192.1 | M17: =L17-H17 -> -47.9 | N17: 0 | O17: =N17*(MAX($A$2:$A$211)-A17+1)/4 -> 0
A18: 2 | B18: 3 | C18: 17 | D18: Drake London | E18: Falcons | F18: WR | G18: pretty good team | H18: 218 | I18: 35.3 | J18: =COUNTIF('Raw Data'!$G$2:$G$100001,'Draft Recap'!D18) -> 3 | K18: 0 | L18: =IF(I18=0,0,I18+I18/($Q$1-K18)*(18-$Q$1-1+K18)) -> 200.03333 | M18: =L18-H18 -> -17.966667 | N18: 0 | O18: =N18*(MAX($A$2:$A$211)-A18+1)/4 -> 0
A19: 2 | B19: 4 | C19: 18 | D19: Jeremiyah Love | E19: Cardinals | F19: RB | G19: Jungle Drummer | H19: 244 | I19: 37.4 | J19: =COUNTIF('Raw Data'!$G$2:$G$100001,'Draft Recap'!D19) -> 3 | K19: 0 | L19: =IF(I19=0,0,I19+I19/($Q$1-K19)*(18-$Q$1-1+K19)) -> 211.93333 | M19: =L19-H19 -> -32.066667 | N19: 0 | O19: =N19*(MAX($A$2:$A$211)-A19+1)/4 -> 0
A20: 2 | B20: 5 | C20: 19 | D20: Nico Collins | E20: Texans | F20: WR | G20: Juwan's Big Johnson | H20: 205 | I20: 17.7 | J20: =COUNTIF('Raw Data'!$G$2:$G$100001,'Draft Recap'!D20) -> 3 | K20: 0 | L20: =IF(I20=0,0,I20+I20/($Q$1-K20)*(18-$Q$1-1+K20)) -> 100.3 | M20: =L20-H20 -> -104.7 | N20: 2 | O20: =N20*(MAX($A$2:$A$211)-A20+1)/4 -> 6.5
A21: 2 | B21: 6 | C21: 20 | D21: Kenneth Walker III | E21: Chiefs | F21: RB | G21: Shough and pray | H21: 249 | I21: 73.7 | J21: =COUNTIF('Raw Data'!$G$2:$G$100001,'Draft Recap'!D21) -> 3 | K21: 0 | L21: =IF(I21=0,0,I21+I21/($Q$1-K21)*(18-$Q$1-1+K21)) -> 417.63333 | M21: =L21-H21 -> 168.63333 | N21: 0 | O21: =N21*(MAX($A$2:$A$211)-A21+1)/4 -> 0
A22: 2 | B22: 7 | C22: 21 | D22: Ashton Jeanty | E22: Raiders | F22: RB | G22: Please Let Me Win IDK what 2 do | H22: 247 | I22: 48.8 | J22: =COUNTIF('Raw Data'!$G$2:$G$100001,'Draft Recap'!D22) -> 3 | K22: 0 | L22: =IF(I22=0,0,I22+I22/($Q$1-K22)*(18-$Q$1-1+K22)) -> 276.53333 | M22: =L22-H22 -> 29.533333 | N22: 0 | O22: =N22*(MAX($A$2:$A$211)-A22+1)/4 -> 0
A23: 2 | B23: 8 | C23: 22 | D23: A.J. Brown | E23: Patriots | F23: WR | G23: your friendly fantasy despot | H23: 206 | I23: 4.1 | J23: =COUNTIF('Raw Data'!$G$2:$G$100001,'Draft Recap'!D23) -> 3 | K23: 0 | L23: =IF(I23=0,0,I23+I23/($Q$1-K23)*(18-$Q$1-1+K23)) -> 23.233333 | M23: =L23-H23 -> -182.76667 | N23: 2 | O23: =N23*(MAX($A$2:$A$211)-A23+1)/4 -> 6.5
A24: 2 | B24: 9 | C24: 23 | D24: Brock Bowers | E24: Raiders | F24: TE | G24: Coach Carlt | H24: 179 | I24: 22.6 | J24: =COUNTIF('Raw Data'!$G$2:$G$100001,'Draft Recap'!D24) -> 3 | K24: 0 | L24: =IF(I24=0,0,I24+I24/($Q$1-K24)*(18-$Q$1-1+K24)) -> 128.06667 | M24: =L24-H24 -> -50.933333 | N24: 2 | O24: =N24*(MAX($A$2:$A$211)-A24+1)/4 -> 6.5
A25: 2 | B25: 10 | C25: 24 | D25: Josh Allen | E25: Bills | F25: QB | G25: The Strib Club | H25: 370 | I25: 93.44 | J25: =COUNTIF('Raw Data'!$G$2:$G$100001,'Draft Recap'!D25) -> 3 | K25: 0 | L25: =IF(I25=0,0,I25+I25/($Q$1-K25)*(18-$Q$1-1+K25)) -> 529.49333 | M25: =L25-H25 -> 159.49333 | N25: 0 | O25: =N25*(MAX($A$2:$A$211)-A25+1)/4 -> 0
A26: 2 | B26: 11 | C26: 25 | D26: Kyren Williams | E26: Rams | F26: RB | G26: Puka bit my finger | H26: 216 | I26: 47.5 | J26: =COUNTIF('Raw Data'!$G$2:$G$100001,'Draft Recap'!D26) -> 3 | K26: 0 | L26: =IF(I26=0,0,I26+I26/($Q$1-K26)*(18-$Q$1-1+K26)) -> 269.16667 | M26: =L26-H26 -> 53.166667 | N26: 0 | O26: =N26*(MAX($A$2:$A$211)-A26+1)/4 -> 0
A27: 2 | B27: 12 | C27: 26 | D27: Breece Hall | E27: Jets | F27: RB | G27: Picken Dis Nose | H27: 248 | I27: 37.5 | J27: =COUNTIF('Raw Data'!$G$2:$G$100001,'Draft Recap'!D27) -> 3 | K27: 0 | L27: =IF(I27=0,0,I27+I27/($Q$1-K27)*(18-$Q$1-1+K27)) -> 212.5 | M27: =L27-H27 -> -35.5 | N27: 0 | O27: =N27*(MAX($A$2:$A$211)-A27+1)/4 -> 0
... A61: 5 | B61: 4 | C61: 60 | D61: Joe Burrow | E61: Bengals | F61: QB | G61: Puka bit my finger | H61: 304 | I61: 52.92 | J61: =COUNTIF('Raw Data'!$G$2:$G$100001,'Draft Recap'!D61) -> 3 | K61: 0 | L61: =IF(I61=0,0,I61+I61/($Q$1-K61)*(18-$Q$1-1+K61)) -> 299.88 | M61: =L61-H61 -> -4.12 | N61: 0 | O61: =N61*(MAX($A$2:$A$211)-A61+1)/4 -> 0
A62: 5 | B62: 5 | C62: 61 | D62: Rhamondre Stevenson | E62: Patriots | F62: RB | G62: The Strib Club | H62: 186 | I62: 20.4 | J62: =COUNTIF('Raw Data'!$G$2:$G$100001,'Draft Recap'!D62) -> 3 | K62: 0 | L62: 9 | M62: =L62-H62 -> -177 | N62: 0 | O62: =N62*(MAX($A$2:$A$211)-A62+1)/4 -> 0
A63: 5 | B63: 6 | C63: 62 | D63: Jayden Daniels | E63: Commanders | F63: QB | G63: Coach Carlt | H63: 317 | I63: 32.4 | J63: =COUNTIF('Raw Data'!$G$2:$G$100001,'Draft Recap'!D63) -> 3 | K63: 0 | L63: =IF(I63=0,0,I63+I63/($Q$1-K63)*(18-$Q$1-1+K63)) -> 183.6 | M63: =L63-H63 -> -133.4 | N63: 1 | O63: =N63*(MAX($A$2:$A$211)-A63+1)/4 -> 2.5
A64: 5 | B64: 7 | C64: 63 | D64: Parker Washington | E64: Jaguars | F64: WR | G64: your friendly fantasy despot | H64: 156 | I64: 41.6 | J64: =COUNTIF('Raw Data'!$G$2:$G$100001,'Draft Recap'!D64) -> 3 | K64: 0 | L64: =IF(I64=0,0,I64+I64/($Q$1-K64)*(18-$Q$1-1+K64)) -> 235.73333 | M64: =L64-H64 -> 79.733333 | N64: 0 | O64: =N64*(MAX($A$2:$A$211)-A64+1)/4 -> 0
A65: 5 | B65: 8 | C65: 64 | D65: Tyler Warren | E65: Colts | F65: TE | G65: Please Let Me Win IDK what 2 do | H65: 168 | I65: 30.4 | J65: =COUNTIF('Raw Data'!$G$2:$G$100001,'Draft Recap'!D65) -> 3 | K65: 0 | L65: =IF(I65=0,0,I65+I65/($Q$1-K65)*(18-$Q$1-1+K65)) -> 172.26667 | M65: =L65-H65 -> 4.2666667 | N65: 0 | O65: =N65*(MAX($A$2:$A$211)-A65+1)/4 -> 0
A66: 5 | B66: 9 | C66: 65 | D66: Marvin Harrison Jr. | E66: Cardinals | F66: WR | G66: Shough and pray | H66: 160 | I66: 9.3 | J66: =COUNTIF('Raw Data'!$G$2:$G$100001,'Draft Recap'!D66) -> 3 | K66: 0 | L66: =IF(I66=0,0,I66+I66/($Q$1-K66)*(18-$Q$1-1+K66)) -> 52.7 | M66: =L66-H66 -> -107.3 | N66: 0 | O66: =N66*(MAX($A$2:$A$211)-A66+1)/4 -> 0
A67: 5 | B67: 10 | C67: 66 | D67: Caleb Williams | E67: Bears | F67: QB | G67: Juwan's Big Johnson | H67: 281 | I67: 44.98 | J67: =COUNTIF('Raw Data'!$G$2:$G$100001,'Draft Recap'!D67) -> 3 | K67: 0 | L67: =IF(I67=0,0,I67+I67/($Q$1-K67)*(18-$Q$1-1+K67)) -> 254.88667 | M67: =L67-H67 -> -26.113333 | N67: 1 | O67: =N67*(MAX($A$2:$A$211)-A67+1)/4 -> 2.5
A68: 5 | B68: 11 | C68: 67 | D68: Jalen Hurts | E68: Eagles | F68: QB | G68: Jungle Drummer | H68: 320 | I68: 53.5 | J68: =COUNTIF('Raw Data'!$G$2:$G$100001,'Draft Recap'!D68) -> 3 | K68: 0 | L68: =IF(I68=0,0,I68+I68/($Q$1-K68)*(18-$Q$1-1+K68)) -> 303.16667 | M68: =L68-H68 -> -16.833333 | N68: 0 | O68: =N68*(MAX($A$2:$A$211)-A68+1)/4 -> 0
A69: 5 | B69: 12 | C69: 68 | D69: DK Metcalf | E69: Steelers | F69: WR | G69: pretty good team | H69: 164 | I69: 21.3 | J69: =COUNTIF('Raw Data'!$G$2:$G$100001,'Draft Recap'!D69) -> 3 | K69: 0 | L69: =IF(I69=0,0,I69+I69/($Q$1-K69)*(18-$Q$1-1+K69)) -> 120.7 | M69: =L69-H69 -> -43.3 | N69: 0 | O69: =N69*(MAX($A$2:$A$211)-A69+1)/4 -> 0
A70: 5 | B70: 13 | C70: 69 | D70: Courtland Sutton | E70: Broncos | F70: WR | G70: Lemieuse-bouche sais quoi | H70: 170 | I70: 12.2 | J70: =COUNTIF('Raw Data'!$G$2:$G$100001,'Draft Recap'!D70) -> 3 | K70: 0 | L70: =IF(I70=0,0,I70+I70/($Q$1-K70)*(18-$Q$1-1+K70)) -> 69.133333 | M70: =L70-H70 -> -100.86667 | N70: 0 | O70: =N70*(MAX($A$2:$A$211)-A70+1)/4 -> 0
A71: 5 | B71: 14 | C71: 70 | D71: Dak Prescott | E71: Cowboys | F71: QB | G71: the medical tent apparently | H71: 286 | I71: 63.1 | J71: =COUNTIF('Raw Data'!$G$2:$G$100001,'Draft Recap'!D71) -> 3 | K71: 0 | L71: =IF(I71=0,0,I71+I71/($Q$1-K71)*(18-$Q$1-1+K71)) -> 357.56667 | M71: =L71-H71 -> 71.566667 | N71: 0 | O71: =N71*(MAX($A$2:$A$211)-A71+1)/4 -> 0
A72: 6 | B72: 1 | C72: 71 | D72: Carnell Tate | E72: Titans | F72: WR | G72: the medical tent apparently | H72: 165 | I72: 18.8 | J72: =COUNTIF('Raw Data'!$G$2:$G$100001,'Draft Recap'!D72) -> 3 | K72: 0 | L72: =IF(I72=0,0,I72+I72/($Q$1-K72)*(18-$Q$1-1+K72)) -> 106.53333 | M72: =L72-H72 -> -58.466667 | N72: 0 | O72: =N72*(MAX($A$2:$A$211)-A72+1)/4 -> 0
A73: 6 | B73: 2 | C73: 72 | D73: Christian Watson | E73: Packers | F73: WR | G73: Lemieuse-bouche sais quoi | H73: 160 | I73: 60.9 | J73: =COUNTIF('Raw Data'!$G$2:$G$100001,'Draft Recap'!D73) -> 3 | K73: 0 | L73: =IF(I73=0,0,I73+I73/($Q$1-K73)*(18-$Q$1-1+K73)) -> 345.1 | M73: =L73-H73 -> 185.1 | N73: 0 | O73: =N73*(MAX($A$2:$A$211)-A73+1)/4 -> 0
A74: 6 | B74: 3 | C74: 73 | D74: Tony Pollard | E74: Titans | F74: RB | G74: pretty good team | H74: 170 | I74: 22.5 | J74: =COUNTIF('Raw Data'!$G$2:$G$100001,'Draft Recap'!D74) -> 3 | K74: 0 | L74: =IF(I74=0,0,I74+I74/($Q$1-K74)*(18-$Q$1-1+K74)) -> 127.5 | M74: =L74-H74 -> -42.5 | N74: 0 | O74: =N74*(MAX($A$2:$A$211)-A74+1)/4 -> 0
... A197: 14 | B197: 14 | C197: 196 | D197: Daniel Jones | E197: Colts | F197: QB | G197: Pleading the Fifth Down | H197: 266 | I197: 28.34 | J197: =COUNTIF('Raw Data'!$G$2:$G$100001,'Draft Recap'!D197) -> 2 | K197: 0 | L197: =IF(I197=0,0,I197+I197/($Q$1-K197)*(18-$Q$1-1+K197)) -> 160.59333 | M197: =L197-H197 -> -105.40667 | N197: 0 | O197: =N197*(MAX($A$2:$A$211)-A197+1)/4 -> 0
